id,predicted
d48ec7815252,269588 5 270291 7 270994 10 271698 10 272401 10 273105 9 273808 10 274511 10 275215 9 275918 8 276621 8 277324 8 278027 8 278730 8 279433 8 280098 4 280136 8 280801 6 280839 8 281505 7 281542 9 282210 7 282245 9 282917 6 282948 10 283623 5 283651 11 284328 6 284354 11 285033 7 285057 12 285739 6 285759 14 286444 7 286461 16 287149 9 287163 18 287854 31 288557 31 289262 30 289969 27 290674 25 291380 23 292084 23 292788 22 293492 22 294195 23 294898 24 295601 24 296304 25 297007 26 297710 27 298413 28 299115 30 299818 31 300521 32 301224 34 301927 35 302630 37 303334 38 304039 37 304744 37 305454 32 306160 30 306865 29 307569 29 308273 29 308977 28 309681 16 309699 9 310385 9 311089 6 311793 5 312497 4 313201 3
d48ec7815252,169067 8 169770 11 170471 15 171175 17 171879 18 172583 19 173287 20 173992 20 174698 20 175403 20 176109 20 176813 22 177518 24 178223 25 178928 26 179633 28 180338 30 181042 32 181747 32 182452 32 183157 31 183861 31 184566 31 185270 32 185975 31 186679 32 187384 32 188089 32 188794 33 189503 29 190214 23 190922 21 191629 20 192336 19 193044 17 193751 17 194461 14 195168 14 195875 14 196582 14 197288 14 197995 13 198701 13 199408 13 200114 13 200821 12 201527 11 202235 9 202942 6 203648 4 204355 1
d48ec7815252,218517 3 219220 5 219923 6 220627 5 221330 6 222033 7 222736 7 223440 7 224143 8 224847 8 225550 18 226253 18 226956 19 227659 19 228362 19 229064 20 229767 19 230470 18 231172 19 231874 19 232576 19 233279 18 233981 18 234683 18 235384 20 236086 20 236788 21 237489 22 238190 23 238891 24 239593 25 240293 27 240992 31 241655 71 242343 86 243047 85 243752 83 244456 82 245161 79 245869 74 246584 62 247292 57 247998 54 248705 49 249412 45 250121 39 250830 32 251537 28 252244 24 252950 21 253656 18 254362 15 255066 14 255772 11 256478 8
d48ec7815252,207538 3 208241 5 208944 8 209647 9 210351 10 211054 11 211758 11 212461 12 213165 12 213870 11 214574 11 215278 11 215983 11 216686 14 217389 25 218092 29 218794 32 219497 36 220200 38 220903 39 221606 40 222309 41 223013 41 223716 42 224419 43 225122 44 225826 43 226531 33 226569 3 227236 25 227941 22 228652 14 229357 12 230061 11 230766 9 231470 9 232174 9 232878 8 233582 8 234286 8 234990 8 235694 7 236399 5 237103 5 237809 1
d48ec7815252,151770 1 152471 10 153151 10 153173 15 153845 2 153854 11 153875 17 154548 3 154557 13 154577 19 155250 6 155261 39 155923 4 155952 9 155964 40 156626 7 156652 13 156668 37 157330 9 157353 53 158035 12 158052 55 158740 69 159445 66 160150 63 160855 60 161562 55 162268 52 162975 48 163682 43 164389 39 165096 36 165802 33 166510 28 167216 25 167922 23 168627 21 169333 18 170038 17 170743 15 171448 14 172152 13 172857 12 173562 11 174266 10 174971 9 175675 9 176379 9 177083 9 177788 8 178492 8 179196 8 179901 7 180605 8 181309 8 182014 7 182718 7 183423 6 184127 6 184831 6 185535 6 186240 6 186944 6 187648 6 188352 7 189057 6 189761 6 190465 6 191170 6 191874 6 192579 6 193283 6 193988 6 194692 6 195397 5 196101 6 196805 6 197510 6 198214 6 198919 5 199623 6 200328 5 201032 6 201737 5 202442 3 203147 2
d48ec7815252,63470 5 64173 7 64875 10 65578 12 66282 12 66985 13 67689 13 68392 14 69096 14 69799 14 70503 13 71206 13 71909 14 72613 13 73316 14 74019 15 74722 15 75425 16 76128 17 76832 17 77535 18 78238 18 78941 19 79645 19 80348 20 81052 20 81755 20 82458 21 83162 21 83865 22 84568 23 85272 23 85975 24 86679 23 87382 24 88085 25 88789 25 89492 26 90196 26 90899 27 91602 28 92306 28 93009 29 93713 29 94417 30 95121 30 95824 31 96528 32 97232 32 97935 34 98639 34 99342 36 100045 38 100749 38 101452 40 102155 40 102858 40 103561 40 104264 39 104966 40 105669 40 106370 42 107073 42 107776 42 108479 42 109183 41 109896 31 110603 28 111308 26 112013 25 112718 23 113423 21 114127 21 114831 20 115536 18 116240 18 116945 16 117650 14 118355 13 119060 12 119765 10 120471 8 121176 5
d48ec7815252,55134 4 55834 10 55852 6 56536 14 56552 11 57238 30 57941 32 58644 35 59347 37 60050 38 60753 38 61456 38 62158 38 62861 37 63564 36 64268 35 64971 35 65675 34 66379 34 67084 33 67789 33 68493 33 69198 32 69903 31 70607 31 71312 29 72017 28 72721 27 73426 25 74131 23 74835 21 75539 19 76243 16 76947 11 77651 8 78355 6 79059 4 79764 2
d48ec7815252,114521 2 115222 8 115926 9 116629 12 117333 12 118037 12 118741 12 119445 12 120149 12 120853 12 121557 12 122261 11 122965 11 123669 10 124373 9 125077 8 125781 8 126485 7 127189 7 127892 8 128596 8 129300 8 130004 8 130707 9 131411 9 132115 9 132819 9 133522 10 134226 10 134930 11 135633 12 136337 12 137040 13 137744 13 138447 14 139151 14 139855 14 140558 15 141261 16 141965 16 142668 17 143372 17 144075 18 144778 19 145482 19 146185 20 146888 21 147591 22 148293 24 148996 25 149699 27 150401 29 151102 32 151800 39 152496 47 153188 59 153892 59 154596 59 155300 59 156004 59 156705 63 157406 66 158107 3 158116 61 158824 57 159533 18 159556 30 160241 11 160263 27 160969 25 161674 24 162380 21 163085 20 163791 17 164496 15 165201 13 165906 11 166611 9 167316 6
d48ec7815252,315378 1 316080 3 316783 4 317487 3 318190 4 318893 4 319596 4 320258 1 320299 5 320962 2 321002 5 321666 3 321705 5 322370 4 322394 3 322408 5 323075 4 323096 9 323110 6 323780 5 323786 3 323797 22 324486 37 325191 35 325896 35 326602 37 327307 38 328012 37 328716 37 329420 37 330124 37 330829 36 331536 34 332244 30 332949 29 333654 29 334358 29 335063 28 335767 28 336471 8 336487 12 337174 8 337195 1 337200 1 337878 7 338582 7 339286 6 339990 6 340693 7 341396 8 342100 7 342803 8 343506 9 344210 9 344914 9 345619 8 346326 4
d48ec7815252,312469 3 313172 4 313876 5 314580 6 315284 6 315989 6 316693 6 317397 6 318102 5 318806 6 319510 6 320215 5 320919 6 321623 6 322327 6 323031 6 323736 6 324440 6 325144 6 325848 7 326552 8 327257 8 327962 9 328666 12 329371 15 330076 16 330781 17 331486 17 332192 17 332899 15 333605 14 334310 14 335015 14 335719 15 336424 15 337111 3 337128 16 337816 3 337832 16 338521 2 338536 17 339240 18 339944 18 340648 19 341352 20 342057 20 342762 21 343469 19 344181 13 344887 12 345593 12 346298 12 347004 11 347709 12 348415 12 349121 13 349826 14 350532 13 351238 12 351944 11 352651 8 353357 7 354063 5 354768 3
d48ec7815252,309849 3 310552 5 311256 6 311961 5 312665 6 313369 6 314073 6 314778 5 315482 6 316186 6 316890 6 317595 6 318299 6 319003 6 319707 7 320412 6 321116 6 321820 7 322525 6 323229 7 323933 7 324637 7 325341 8 326045 8 326749 9 327453 10 328157 10 328861 11 329564 13 330268 13 330972 14 331676 15 332380 16 333084 17 333788 18 334492 19 335196 20 335900 21 336604 23 337307 24 338011 25 338715 26 339418 28 340122 29 340825 31 341529 31 342232 33 342936 34 343638 37 344341 39 345044 41 345747 43 346449 46 347154 47 347858 48 348563 48 349267 49 349972 49 350676 50 351381 50 352086 50 352790 51 353495 51 354199 52 354904 53 355608 55 356311 57 357015 58 357719 58 358423 9 358446 34 359129 2 359153 31 359859 29 360565 26 361270 25 361976 23 362681 22 363388 19 364103 7 364813 1
d48ec7815252,197340 4 198042 8 198745 10 199448 12 200151 15 200852 19 201553 24 202254 28 202955 32 203656 36 204358 39 205061 40 205765 41 206469 42 207174 42 207878 42 208582 42 209285 43 209989 42 210692 41 211396 31 212099 27 212802 25 213504 24 214207 23 214910 22 215613 21 216317 19 217021 18 217725 17 218430 14 219140 5
d48ec7815252,259198 7 259902 7 260606 8 261310 8 262014 8 262718 9 263422 9 264126 9 264830 9 265534 9 266238 9 266942 9 267646 9 268350 9 269054 9 269758 9 270462 9 271166 9 271871 8 272575 7 273279 7 273983 7 274687 7 275391 7 276095 7 276799 7 277503 7 278207 7 278911 7 279615 7 280319 7 281023 7 281727 7 282432 6 283136 6 283840 6 284544 6 285248 6 285952 6 286656 6 287360 6 288064 6 288768 6 289473 5 290177 5 290881 5 291585 5 292289 5 292993 5 293697 5 294401 6 295105 6 295809 6 296513 6 297217 6 297921 6 298626 5 299330 5 300034 5 300738 6 301441 7 302145 7 302849 7 303553 7 304257 7 304961 7 305665 7 306369 8 307073 8 307777 8 308480 9 309184 10 309888 11 310591 13 311294 15 311312 5 311998 23 312701 24 313404 25 314107 26 314811 25 315514 25 316217 25 316920 25 317622 26 318325 27 319026 29 319728 30 320431 31 321134 31 321838 30 322541 30 323245 30 323948 30 324652 30 325356 30 326060 30 326764 29 327467 30 328171 30 328875 30 329579 31 330283 31 330987 31 331692 30 332396 30 333101 28 333806 26 334511 23 335216 21 335921 19 336627 16 337331 15 338036 13 338743 8
d48ec7815252,100447 5 101151 5 101854 6 102557 8 103260 9 103963 10 104666 11 105369 12 106071 14 106773 17 107474 20 108177 21 108880 22 109583 23 110287 23 110992 23 111696 23 112400 23 113104 23 113808 23 114512 9 114523 13 115217 5 115230 10 115921 5 115935 9 116626 3 116641 8 117331 2 117345 8 118036 1 118049 8 118753 9 119457 9 120161 9 120865 10 121569 10 122272 12 122976 13 123679 14 124382 16 125085 18 125789 19 126492 21 127196 23 127900 24 128604 26 129308 28 130012 32 130716 34 131420 35 132124 35 132828 36 133532 36 134236 37 134941 36 135645 36 136349 36 137053 36 137757 36 138461 36 139165 36 139869 36 140573 36 141277 36 141981 36 142685 36 143389 36 144093 35 144797 35 145501 34 146205 33 146909 33 147613 29 148317 27 149021 25 149726 22 150430 21 151134 19 151839 17 152543 16 153247 15 153951 14 154655 13 155359 12 156063 12 156768 10 157472 9 158177 7 158881 7 159586 5 160290 4 160994 3 161698 2 162401 3 163105 1 163808 1 164511 1
d48ec7815252,1764 1 2456 4 2467 2 3159 6 3170 4 3863 6 3873 5 4567 6 4577 5 5272 6 5281 5 5976 6 5984 6 6680 14 7384 14 8089 14 8793 14 9497 14 10201 14 10905 14 11609 14 12314 13 13018 13 13722 13 14426 13 15130 13 15834 12 16538 12 17242 12 17945 12 18649 12 19353 12 20057 11 20761 11 21465 11 22168 12 22872 12 23576 11 24279 12 24983 12 25686 13 26389 14 27093 14 27796 15 28499 16 29202 17 29906 17 30609 18 31312 19 32015 20 32719 21 33422 23 34125 24 34828 26 35531 27 36234 28 36937 29 37640 30 38344 28 39047 28 39750 28 40454 27 41158 24 41862 22 42566 21 43269 21 43973 20 44677 19 45381 17 46086 15 46790 14 47494 13 48198 12 48902 12 49606 11 50311 9 51015 8 51719 8 52423 7 53128 5 53833 3 54537 3
d48ec7815252,311152 5 311854 8 312557 9 313261 9 313965 9 314670 8 315374 4 315379 2 316079 1 316083 2 316787 3 317486 1 317490 4 318194 5 318897 6 319600 8 320304 10 321007 13 321710 17 322413 19 323116 21 323819 22 324523 22 325226 23 325931 22 326639 18 327345 16 328049 16 328753 16 329457 16 330161 16 330865 16 331570 15 332274 15 332978 15 333683 13 334387 11 335091 8
d48ec7815252,262968 3 263670 8 264373 11 265077 12 265780 14 266484 15 267187 17 267891 17 268594 18 269298 18 270001 20 270705 20 271409 20 272113 20 272817 19 273522 18 274227 17 274932 15 275638 13 276344 10 277051 5
d48ec7815252,1347 4 2050 5 2754 5 3458 5 4162 5 4866 5 5570 5 6274 5 6978 5 7681 6 8385 6 9089 6 9793 6 10497 6 11201 6 11905 6 12608 7 13312 7 14016 7 14720 7 15424 8 16128 8 16832 8 17536 8 18241 8 18945 8 19649 9 20353 9 21057 10 21761 10 22465 11 23169 11 23873 12 24577 12 25281 12 25985 13 26689 13 27394 13 28098 13 28803 12 29507 13 30212 12 30917 12 31623 11 32328 11 33033 10 33738 11 34443 11 35149 10 35855 10 36561 10 37266 11 37971 14 38675 16 39380 24 40084 24 40789 23 41494 22 42207 12 42918 3
d48ec7815252,83307 3 84010 5 84713 6 85416 8 86120 10 86823 12 87525 15 88227 19 88930 21 89633 23 90336 26 91040 28 91744 29 92448 31 93152 32 93857 33 94561 36 95266 41 95970 45 96675 48 97379 48 98083 48 98788 47 99493 44 100198 42 100903 37 101608 33 102313 30 103018 27 103723 25 104427 23 105132 22 105836 21 106540 21 107244 20 107949 19 108653 18 109357 18 110062 16 110766 16 111470 15 112174 14 112878 14 113583 13 114287 13 114991 13 115695 13 116399 13 117104 11 117809 9
d48ec7815252,182969 3 183673 3 184375 5 185078 5 185782 4 186485 5 187188 5 187891 5 188594 6 189297 6 190000 6 190704 5 191407 5 192111 4 192814 5 193517 5 194221 4 194924 4 195627 5 196330 5 197033 5 197737 5 198440 5 199143 5 199846 6 200549 6 201252 6 201955 7 202659 6 203361 8 204064 8 204767 8 205470 9 206173 9 206875 11 207578 12 208281 12 208983 14 209686 15 210389 15 211091 17 211794 19 212497 22 213199 28 213902 34 214605 42 215308 52 216011 19 216035 29 216714 18 216746 20 217417 17 217459 9 218121 15 218826 12 219533 7 220238 5 220942 3 221646 2 222350 1 223054 1
d48ec7815252,103814 8 104518 10 105222 13 105928 18 106050 5 106633 42 106751 10 107338 92 107450 16 108043 130 108174 3 108747 133 109457 126 110199 88 110921 71 111635 61 112345 55 113053 51 113760 48 114465 47 115170 47 115875 46 116578 14 116599 27 117281 11 117327 4 117986 7 118692 1
d48ec7815252,154103 2 154782 33 155472 49 156152 5 156169 56 156855 73 157559 72 158263 71 158966 71 159670 68 160373 64 161077 60 161781 57 162485 54 163189 51 163893 49 164597 46 165301 38 166006 29 166711 24 167415 19 168119 16 168824 12 169529 9 170235 4
d48ec7815252,250771 2 251472 8 252175 10 252879 12 253583 13 254286 15 254990 15 255695 15 256399 16 257103 16 257808 16 258512 16 259216 17 259921 16 260625 17 261330 17 262034 17 262739 17 263443 18 264147 18 264852 18 265557 18 266261 18 266966 18 267670 18 268375 18 269079 19 269784 18 270489 18 271193 19 271898 18 272603 18 273307 18 274012 18 274717 18 275422 17 276126 18 276831 17 277536 17 278241 16 278946 16 279651 15 280355 16 281060 15 281765 15 282470 15 283175 14 283880 14 284585 13 285290 13 285994 13 286699 13 287404 12 288109 12 288813 12 289518 12 290222 13 290927 12 291632 12 292336 12 293040 13 293745 12 294449 12 295154 12 295858 12 296563 12 297267 12 297972 11 298677 10 299382 9 300087 7 300791 7 301496 5 302201 3
d48ec7815252,80119 3 80822 5 81526 6 82229 8 82932 10 83636 11 84339 13 85041 16 85744 19 86447 21 87151 22 87855 24 88560 26 89271 22 89979 21 90684 25 91390 27 92095 29 92800 30 93505 29 94210 27 94914 26 95619 25 96323 23 97028 21 97732 20 98436 19 99140 18 99845 16 100549 15 101253 14 101957 13 102661 12 103365 10 104069 9 104774 6 105479 3
d48ec7815252,219752 2 219755 4 220448 21 221149 27 221852 33 222554 36 223258 44 223961 49 224665 51 225368 54 226072 56 226775 58 227478 60 228181 62 228885 63 229588 64 230291 65 230994 67 231698 67 232401 69 233105 69 233809 70 234514 69 235219 68 235924 68 236630 66 237336 65 238042 64 238749 61 239455 60 240162 58 240868 56 241573 55 242279 54 242985 52 243690 51 244395 50 245100 49 245806 46 246511 45 247216 44 247921 43 248625 43 249330 42 250035 41 250740 31 250773 7 251445 27 251480 5 252150 25 252185 4 252855 24 252891 2 253559 24 253596 1 254264 22 254301 1 254969 21 255005 1 255674 21 256379 20 257083 20 257788 20 258493 19 259205 11 259909 12 260614 11 261318 12 262023 11 262727 12 263432 11 264136 11 264841 11 265545 12 266251 10 266956 10 267661 9 268366 9
d48ec7815252,3527 8 4231 12 4936 15 5641 21 6348 26 7057 26 7765 25 8473 24 9181 22 9889 20 10597 18 11305 17 12012 16 12719 16 13426 16 14133 16 14840 16 15546 18 16253 19 16960 20 17667 20 18374 20 19082 18 19789 18 20495 19 21202 19 21909 19 22616 19 23323 20 24030 20 24737 20 25446 17 26155 14 26862 13 27569 11 28276 8 28984 3
d48ec7815252,57695 2 58398 4 59101 6 59804 7 60507 9 61211 10 61914 12 62618 12 63321 14 64025 14 64728 16 65432 16 66136 17 66840 17 67544 18 68248 19 68952 19 69657 19 70361 19 71065 20 71769 21 72473 22 73177 23 73881 24 74585 25 75289 26 75993 27 76698 28 77402 29 78106 30 78810 31 79514 32 80218 32 80922 32 81626 26 82330 23 83034 21 83739 19 84443 18 85147 17 85851 16 86555 14 87259 14 87963 13 88667 12 89371 11 90075 10 90779 10 91483 9 92187 9 92891 8 93595 8 94300 6 95004 6 95708 5 96413 3
d48ec7815252,1749 5 2453 3 3156 3 3858 5 4560 6 5263 6 5966 6 6669 7 7373 6 8076 7 8780 6 9483 6 10187 6 10890 6 11594 6 12297 6 13001 5 13704 6 14408 5 15111 6 15815 5 16518 5 17222 5 17925 5 18629 5 19332 5 20036 5 20739 6 21442 6 22146 5 22849 6 23553 6 24256 6 24960 6 25663 6 26367 6 27070 7 27774 6 28478 6 29181 6 29885 6 30589 6 31293 5 31996 6 32700 6 33403 6 34107 6 34811 5 35514 6 36218 6 36921 6 37625 6 38328 7 39032 6 39735 7 40439 6 41142 7 41845 7 42549 7 43252 7 43955 8 44659 7 45362 8 46065 8 46768 9 47472 9 48175 9 48878 9 49581 10 50283 11 50986 11 51689 11 52392 11 53094 12 53797 11 54500 11 55202 11 55905 11 56608 10 57310 11 58012 11 58715 11 59417 10 60119 11 60822 10 61524 10 62228 9 62932 7 63636 4
d48ec7815252,83709 5 84412 7 85116 7 85819 8 86522 10 87225 12 87927 17 88629 21 89330 26 90030 31 90730 36 91431 40 92133 44 92835 46 93537 48 94239 30 94272 15 94941 26 95644 24 96346 24 97049 23 97752 22 98455 18 99158 16 99861 14 100564 13 101267 12 101970 11 102673 10 103375 11 104078 10 104780 10 105482 7
d48ec7815252,112647 1 112650 8 113351 2 113354 8 114055 12 114759 14 115462 15 116166 16 116868 18 117572 18 118276 18 118980 18 119684 18 120388 18 121092 18 121796 18 122501 17 123206 16 123910 15 124615 14 125319 14 126024 13 126728 14 127432 14 128136 14 128840 14 129544 14 130248 13 130952 13 131656 13 132360 13 133064 13 133768 13 134472 13 135176 14 135880 14 136584 14 137288 14 137992 14 138696 15 139401 14 140105 14 140809 14 141513 15 142218 14 142922 14 143627 13 144331 14 145036 13 145740 13 146444 14 147148 14 147852 15 148557 14 149261 14 149965 15 150670 14 151374 14 152078 15 152783 14 153487 15 154191 15 154896 15 155600 15 156304 16 157008 16 157712 16 158417 16 159121 16 159825 17 160529 17 161233 18 161937 18 162641 18 163345 19 164049 19 164754 18 165458 18 166162 19 166866 19 167571 18 168275 19 168980 18 169684 18 170389 18 171093 18 171798 18 172502 18 173207 18 173911 18 174615 19 175320 18 176025 17 176729 17 177434 16 178139 15 178844 14 179549 13 180254 13 180959 12 181664 11 182369 10 183074 9 183779 9 184484 8 185188 8 185893 7 186597 8 187302 7 188006 7 188710 8 189415 7 190119 8 190824 7 191528 8 192233 7 192938 7 193642 7 194347 7 195051 7 195756 6 196460 7 197165 6 197869 6 198573 7 199278 6 199982 6 200687 6 201391 6 202096 5 202800 6 203504 6 204209 5 204913 6 205617 6 206321 7 207026 6 207730 7 208435 6 209139 7 209844 6 210548 7 211253 6 211957 7 212661 7 213366 6 214070 7 214775 6 215479 7 216184 6 216888 7 217593 6 218298 6 219002 6 219707 6 220411 6 221116 6 221820 6 222525 6 223229 7 223934 7 224638 8 225343 8 226047 9 226752 10 227456 10 228161 10 228865 10 229570 9 230276 6 230981 5 231686 4 232390 4 233094 4
d48ec7815252,46634 5 47334 10 48037 12 48740 14 49444 15 50148 15 50852 16 51556 17 52261 16 52966 16 53671 15 54376 15 55081 15 55786 15 56491 15 57196 15 57901 16 58606 17 59311 19 60016 21 60720 24 61425 31 62129 29 62834 27 63538 26 64243 25 64948 23 65652 23 66357 22 67062 22 67767 22 68472 21 69177 21 69882 21 70587 8 70604 3 71291 6 71995 5 72699 5 73404 3 74109 1
d48ec7815252,25442 4 26147 8 26853 9 27558 11 28264 12 28970 14 29676 16 30382 16 31087 16 31793 15 32499 15 33205 18 33911 18 34616 19 35321 19 36027 18 36732 18 37438 17 38144 16 38849 15 39555 14 40261 13 40966 14 41672 13 42377 13 43083 12 43788 12 44494 11 45199 11 45904 12 46610 11 47315 11 48021 10 48726 10 49432 9 50137 9 50842 9 51548 8 52253 8 52958 8 53664 7 54369 7 55074 7 55779 7 56484 7 57190 6 57895 6 58600 6 59305 6 60010 6 60715 5 61421 4 62126 3 62832 2 63537 1
d48ec7815252,64727 1 65429 3 66132 4 66835 5 67538 6 68241 7 68944 8 69646 9 70349 10 71052 11 71748 20 72450 22 73152 24 73855 26 74558 27 75261 28 75964 28 76667 29 77370 28 78072 23 78775 21 79478 20 80180 20 80884 18 81586 17 82289 14 82992 12 83695 11 84397 11 85100 10 85803 8 86506 7 87208 8 87911 7 88613 8 89316 7 90018 8 90721 7 91423 8 92126 7 92830 5 93534 3 94237 2 94940 1
d48ec7815252,249612 9 250312 17 251015 20 251720 20 252424 24 253128 31 253832 32 254536 33 255239 35 255943 35 256647 35 257351 34 258055 35 258759 35 259462 36 260166 36 260870 35 261574 25 261600 8 262278 33 262982 32 263685 32 264389 31 265093 30 265797 29 266501 28 267204 28 267908 27 268612 26 269316 25 270021 23 270725 23 271429 22 272133 21 272836 21 273540 20 274244 19 274947 19 275651 18 276354 19 277056 20 277757 22 278460 22 279163 23 279866 23 280569 24 281271 25 281974 26 282676 28 283379 28 284083 28 284786 29 285490 28 286194 28 286899 26 287603 25 288309 23 289016 19 289720 17 290425 13
d48ec7815252,240429 7 241132 10 241837 10 242541 11 243245 12 243949 13 244653 13 245358 13 246062 14 246767 13 247472 13 248176 14 248881 13 249585 14 250290 13 250995 13 251699 14 252403 14 253108 14 253812 14 254516 14 255220 15 255925 14 256629 14 257333 14 258037 14 258741 15 259446 14 260150 15 260854 15 261559 15 262263 15 262971 11 263678 7 264384 5 265089 4 265794 2
d48ec7815252,228382 6 229084 10 229786 13 230488 16 231191 18 231893 21 232595 24 233297 27 233999 30 234701 33 235404 34 236106 36 236809 37 237511 38 238213 37 238915 34 239618 30 240320 29 241023 26 241726 25 242429 23 243132 21 243835 20 244538 17 245240 14 245943 10 246646 8 247349 7 248052 6 248758 1
d48ec7815252,194585 5 195285 11 195988 13 196692 13 197396 14 198101 13 198806 12 199511 11 200216 10 200920 11 201625 10 202330 10 203035 10 203740 10 204444 11 205149 11 205853 11 206558 11 207262 12 207967 13 208671 14 209375 15 210080 16 210784 17 211488 18 212192 20 212897 20 213601 22 214305 23 215009 25 215713 26 216417 28 217121 30 217825 33 218529 37 219233 39 219938 41 220642 44 221346 46 222050 48 222754 50 223457 54 224160 57 224862 63 225568 66 226271 74 226975 84 227678 95 228381 1 228388 93 229094 94 229799 94 230506 12 230523 45 230578 20 231229 43 231288 14 231934 6 231945 31 231998 7 232650 31 233356 5 233368 18 234061 3 234075 16 234781 15 235487 14 236193 13 236899 13 237606 12 238314 6
d48ec7815252,71106 2 71149 6 71810 5 71848 13 72514 9 72548 18 73218 17 73246 23 73922 51 74626 50 75330 48 76034 47 76738 46 77442 45 78146 44 78850 42 79554 39 80258 36 80962 35 81666 34 82370 36 83074 36 83778 34 84482 31 85186 30 85890 30 86595 28 87299 27 88003 26 88707 24 89412 22 90116 21 90821 19 91525 18 92229 16 92934 14 93638 12 94343 10 95047 9 95753 5 96458 2
d48ec7815252,42941 3 43641 8 44341 12 45043 14 45745 16 46444 21 47147 22 47850 23 48553 24 49256 25 49959 26 50662 27 51366 27 52069 28 52772 29 53476 29 54179 30 54882 31 55586 31 56289 32 56993 32 57697 32 58402 31 59107 30 59811 30 60516 29 61221 28 61926 27 62630 27 63335 26 64039 26 64744 25 65448 25 66153 24 66857 24 67562 23 68267 22 68971 22 69676 21 70380 21 71085 20 71790 19 72495 18 73200 17 73905 16 74610 14 75315 12 76020 11 76726 8 77431 6 78136 5
d48ec7815252,132907 1 133581 33 134284 33 134988 32 135692 32 136397 31 137104 28 137811 25 138516 25 139221 24 139925 24 140630 23 141335 23 142039 23 142744 23 143448 23 144153 23 144857 24 145562 24 146266 25 146971 25 147675 25 148380 25 149085 24 149789 25 150494 24 151199 24 151903 25 152608 24 153312 25 154017 24 154721 25 155426 25 156130 22 156835 20 157539 20 158244 19 158949 17 159654 16 160358 15 161063 14 161768 13 162472 13 163177 12 163881 12 164586 11 165290 11 165995 11 166699 12 167404 11 168108 11 168813 11 169517 12 170221 9 170925 7 171630 4 172334 3 173039 1
d48ec7815252,47825 4 48527 9 49231 10 49934 12 50638 13 51341 14 52045 14 52749 14 53452 15 54156 14 54859 15 55563 15 56267 14 56971 14 57675 13 58379 13 59083 13 59787 12 60492 10 61196 10 61900 9 62604 7 63307 7 64011 6 64714 7 65417 7 66118 10 66821 10 67524 10 68227 10 68931 9 69635 7 70339 5
d48ec7815252,94606 1 94615 2 95307 15 96015 11 96723 7 97427 7 98131 7 98835 6 99537 8 100240 9 100940 13 101641 16 102343 18 103045 20 103748 21 104450 23 105154 23 105857 24 106561 24 107264 25 107968 25 108671 26 109375 26 110078 27 110782 27 111485 28 112188 28 112892 28 113596 28 114300 28 115004 28 115708 28 116412 28 117115 29 117818 30 118517 35 119221 34 119925 34 120629 34 121333 34 122038 33 122742 33 123447 32 124151 33 124856 32 125560 32 126265 31 126970 29 127674 28 128379 26 129083 26 129788 24 130493 22 131197 21 131902 19 132607 18 133312 14 134018 6
d48ec7815252,222205 6 222907 10 223607 15 224306 22 225006 26 225708 29 226412 29 227115 31 227819 31 228522 33 229226 33 229929 34 230633 35 231337 34 232040 35 232743 36 233447 36 234150 37 234853 38 235556 38 236259 39 236963 38 237666 38 238370 38 239073 38 239776 38 240480 37 241183 38 241887 37 242590 37 243294 37 243997 37 244701 37 245404 37 246107 37 246811 36 247515 36 248218 35 248922 34 249626 32 250330 31 251035 29 251740 27 252448 22 253159 14 253864 11 254569 8 255274 5 255978 2
d48ec7815252,37477 6 38180 12 38883 13 39587 14 40291 14 40995 14 41699 14 42403 14 43107 13 43811 13 44516 12 45220 12 45925 10 46630 4
d48ec7815252,60608 5 61311 8 62014 10 62717 13 63420 15 64123 17 64827 18 65530 20 66233 22 66936 23 67639 25 68342 26 69045 28 69748 30 70451 32 71155 33 71861 31 72566 31 73269 34 73973 35 74676 37 75378 40 76081 42 76784 44 77487 45 78190 47 78893 48 79596 49 80300 48 81004 48 81709 46 82414 44 83120 42 83826 39 84532 36 85238 34 85945 30 86651 28 87357 25 88064 21 88771 18 89479 13 90186 10 90892 7
d48ec7815252,144280 8 144981 11 145683 13 146385 15 147086 15 147713 6 147786 19 148410 22 148486 22 149112 46 149183 26 149815 96 150519 94 151224 91 151929 88 152634 85 153338 81 154042 61 154105 14 154746 36 155451 21 156157 12
d48ec7815252,267691 3 268395 4 269099 4 269803 5 270507 6 271212 6 271916 7 272621 6 273325 7 274030 6 274735 6 275439 7 276144 6 276848 7 277553 7 278257 7 278962 7 279666 8 280371 7 281075 8 281780 7 282485 7 283189 8 283894 7 284598 8 285303 7 286007 8 286712 8 287416 8 288121 8 288825 8 289530 8 290235 8 290939 8 291644 8 292348 9 293053 9 293757 9 294461 10 295166 10 295870 11 296575 11 297279 12 297983 13 298687 14 299391 14 300095 15 300799 16 301504 16 302208 16 302913 16 303617 17 304322 16 305027 16 305732 15 306437 15 307141 15 307846 14 308551 14 309256 13 309961 12 310666 12 311370 12 312075 11 312780 10 313484 10 314189 10 314893 10 315598 9 316302 10 317007 9 317712 8 318417 8 319122 7 319826 8 320531 7 321236 6 321940 7 322645 6 323349 7 324054 6 324758 7 325463 6 326167 7 326872 7 327577 6 328281 7 328986 7 329690 7 330395 7 331100 7 331804 7 332509 7 333213 7 333918 7 334623 6 335327 6 336031 6 336736 5 337441 3
d48ec7815252,95354 6 96055 10 96757 13 97460 14 98162 16 98865 18 99567 20 100270 22 100973 24 101676 27 102378 30 103081 33 103784 30 104487 31 105189 33 105891 37 106593 40 107295 43 107997 46 108699 48 109403 53 110106 48 110809 43 111513 39 112216 34 112920 30 113624 26 114328 23 115032 20 115736 18 116440 15 117144 13 117848 11 118552 10 119255 9 119959 8 120663 8 121367 7 122071 6 122775 5 123479 5 124184 3 124888 2 125592 1
d48ec7815252,112518 3 113221 5 113924 8 114628 9 115332 10 116035 12 116739 13 117442 15 118146 15 118849 9 119552 8 120255 8 120958 8 121662 7 122365 7 123068 7 123772 6 124475 7 125179 6 125882 7 126585 7 127288 8 127991 8 128694 9 129397 10 130099 11 130802 12 131506 12 132209 13 132912 14 133616 14 134319 15 135023 16 135727 16 136431 16 137135 16 137838 18 138542 18 139245 19 139949 19 140653 20 141358 20 142062 21 142767 22 143471 24 144176 6 144187 14 144881 3 144897 10 145606 4
d48ec7815252,333696 1 334398 3 335099 6 335795 14 336499 14 337202 15 337906 15 338610 15 339314 15 340017 16 340721 16 341424 17 342127 18 342828 21 343529 24 344230 27 344931 30 345634 31 346338 31 347042 31 347746 31 348450 31 349154 31 349858 31 350561 1 350566 27 351265 2 351272 25 351970 1 351975 26 352674 1 352679 5 352686 19 353381 7 353390 19 354083 10 354094 19 354788 29 355493 28 356198 26 356905 22 357613 7 357627 2
d48ec7815252,28327 3 29028 9 29731 11 30435 12 31138 14 31842 14 32546 14 33250 14 33954 14 34658 14 35363 13 36067 13 36772 12 37483 5
d8bfd1dafdc4,225711 2 226414 4 227117 6 227820 7 228524 8 229227 10 229931 10 230634 12 231337 14 232040 16 232744 17 233447 19 234150 21 234853 23 235556 24 236258 27 236961 28 237663 29 238365 31 239067 32 239770 31 240473 30 241176 30 241879 29 242582 27 243284 27 243987 26 244689 26 245392 25 246094 24 246797 22 247501 19 248204 17 248907 16 249611 14 250314 14 251018 13 251721 12 252425 11 253128 11 253831 11 254535 10 255238 10 255942 9 256646 8 257350 7 258054 7 258758 6 259462 6 260166 5 260869 6 261573 6 262277 5 262981 5 263685 5 264389 5 265093 5 265796 6 266500 5 267204 5 267908 5 268612 5 269316 5 270019 5 270723 5 271427 5 272131 5 272835 5 273539 5 274242 5 274946 5 275650 5 276354 5 277058 4 277761 5 278465 5 279169 5 279873 5 280577 5 281281 5 281985 5 282689 5 283393 5 284097 5 284800 5 285504 5 286208 5 286912 5 287616 5 288320 5 289024 5 289727 6 290431 6 291135 6 291839 6 292543 5 293247 5 293951 5 294655 4 295360 3
d8bfd1dafdc4,66874 2 67578 2 68281 4 68984 5 69687 6 70390 7 71094 7 71798 6 72501 7 73205 7 73908 7 74612 7 75316 6 76019 7 76723 6 77426 7 78130 6 78834 6 79537 6 80241 6 80945 5 81648 6 82352 6 83056 5 83759 6 84463 6 85167 5 85871 5 86574 6 87278 6 87982 5 88685 6 89389 6 90093 5 90796 6 91500 6 92204 5 92908 5 93611 6 94315 6 95019 5 95723 5 96426 6 97130 6 97834 5 98537 6 99241 6 99945 5 100648 6 101352 6 102056 6 102759 6 103463 6 104167 6 104871 6 105575 6 106278 6 106982 6 107686 6 108390 6 109093 7 109797 7 110500 8 111204 8 111908 8 112611 9 113315 9 114018 10 114721 12 115425 13 116128 16 116831 18 117534 17 118237 14 118940 14 119643 13 120346 13 121049 12 121751 13 122454 13 123157 13 123859 13 124562 13 125265 13 125967 14 126668 16 127371 15 128074 15 128778 14 129481 14 130185 13 130888 13 131592 12 132295 11 132999 10 133703 8 134407 7 135111 6 135815 6 136519 5 137223 5 137926 6 138630 5 139334 5 140037 6 140741 5 141445 5 142149 5 142852 5 143556 5 144260 4 144963 5 145667 4 146371 4 147076 2
d8bfd1dafdc4,226379 5 227082 6 227784 8 228487 10 229190 12 229894 12 230597 13 231301 13 232005 12 232708 13 233412 13 234116 12 234820 12 235523 13 236227 13 236931 13 237635 13 238338 14 239042 13 239745 14 240449 14 241152 14 241856 13 242559 14 243262 14 243966 14 244669 14 245372 14 246075 15 246778 15 247482 15 248185 15 248888 16 249591 17 250294 18 250997 18 251700 19 252403 20 253106 21 253809 21 254512 22 255215 23 255918 24 256621 24 257324 25 258028 24 258731 25 259435 24 260139 23 260842 24 261546 23 262249 23 262953 22 263657 22 264360 22 265064 21 265768 21 266471 21 267175 21 267878 21 268582 20 269285 21 269988 21 270692 20 271395 21 272098 21 272802 20 273505 20 274209 19 274912 19 275616 18 276319 18 277023 17 277726 17 278430 16 279134 15 279838 14 280542 13 281245 13 281949 12 282652 12 283356 11 284059 11 284763 11 285466 10 286169 11 286873 10 287576 10 288280 9 288983 9 289687 8 290390 8 291094 8 291797 8 292500 8 293204 7 293907 8 294611 7 295314 7 296017 8 296721 7 297424 7 298128 7 298831 7 299535 6 300239 5 300942 5 301646 5 302350 4 303054 3 303759 1
d8bfd1dafdc4,163241 1 163944 4 163949 4 164648 9 165351 10 166055 10 166758 11 167461 12 168165 11 168868 12 169572 11 170275 11 170979 9 171682 9 172385 9 173088 9 173792 8 174495 8 175198 9 175901 9 176605 8 177308 8 178011 8 178714 8 179417 8 180120 8 180824 7 181527 7 182230 7 182933 7 183636 8 184339 8 185042 8 185745 8 186449 7 187152 7 187855 7 188558 8 189261 8 189965 7 190667 8 191370 8 192074 8 192777 8 193480 8 194183 8 194886 8 195589 8 196292 8 196995 8 197699 7 198402 7 199104 9 199807 9 200511 8 201214 8 201917 8 202620 8 203324 7 204027 7 204730 7 205433 7 206136 8 206839 8 207542 8 208245 8 208948 8 209651 8 210354 8 211057 8 211760 8 212463 8 213166 9 213869 9 214572 9 215275 9 215977 10 216680 10 217383 10 218086 9 218788 10 219491 10 220194 10 220897 9 221600 9 222303 9 223006 9 223709 8 224412 9 225115 9 225818 8 226521 8 227224 9 227927 8 228630 8 229332 9 230036 8 230739 8 231442 8 232144 9 232848 8 233551 8 234253 9 234956 9 235660 8 236363 7 237065 8 237768 8 238472 7 239175 7 239876 9 240580 8 241284 7
d8bfd1dafdc4,1055 15 1759 16 2463 18 3168 20 3872 22 4576 25 5281 28 5985 32 6691 34 7396 36 8102 36 8807 37 9511 39 10216 40 10920 42 11625 43 12329 44 13033 46 13738 46 14442 48 15147 48 15852 48 16557 49 17262 50 17972 45 18680 42 19387 41 20095 38 20805 33 21514 30 22224 25 22932 23 23640 20 24346 20 25053 19 25761 17 26468 16 27174 17 27880 17 28586 17 29292 18 29999 18 30705 19 31413 18 32120 19 32827 19 33533 21 34241 22 34948 24 35655 25 36362 22 37070 18 37779 13
d8bfd1dafdc4,194681 2 195382 9 196085 14 196788 16 197490 19 198193 20 198896 21 199599 22 200302 23 201004 24 201707 25 202409 26 203111 28 203813 29 204515 30 205217 31 205918 34 206620 35 207323 34 208025 35 208728 35 209430 37 210133 37 210834 40 211536 41 212238 42 212941 43 213643 44 214345 46 215048 46 215751 45 216453 46 217156 45 217859 44 218561 44 219263 44 219965 43 220667 42 221369 42 222071 42 222774 41 223476 41 224179 41 224881 41 225584 41 226286 42 226989 41 227691 42 228394 42 229097 41 229799 42 230502 42 231205 42 231908 42 232610 43 233313 43 234016 43 234718 44 235420 46 236122 47 236824 48 237525 50 238226 53 238928 54 239631 54 240333 55 241036 56 241739 56 242443 56 243146 56 243850 56 244553 56 245257 55 245960 56 246664 55 247367 55 248069 57 248773 56 249477 55 250181 54 250885 53 251589 53 252293 52 252997 51 253701 50 254405 49 255109 48 255813 47 256517 46 257221 45 257925 44 258629 43 259333 42 260037 41 260741 40 261445 39 262149 38 262853 37 263559 34 264263 33 264968 31 265672 30 266376 29 267081 27 267786 25 268490 24 269195 22 269901 18 270606 15 271311 11 272015 11
d8bfd1dafdc4,122 5 826 6 1529 8 2233 8 2937 9 3641 10 4345 10 5049 11 5753 11 6457 12 7160 13 7864 14 8568 14 9273 14 9977 15 10681 15 11385 16 12089 17 12793 17 13497 18 14201 19 14905 19 15609 19 16313 20 17017 20 17721 20 18425 21 19129 21 19833 21 20537 22 21241 22 21945 22 22650 21 23354 22 24058 22 24762 22 25466 22 26171 21 26875 22 27580 21 28284 21 28989 21 29693 21 30397 21 31102 21 31806 21 32511 21 33215 21 33919 21 34623 21 35328 20 36032 20 36736 20 37440 20 38144 20 38848 20 39553 19 40257 19 40962 17 41667 16 42371 16 43076 15 43780 14 44484 14 45189 12 45893 12 46597 11 47302 10 48006 10 48711 8 49416 6 50121 3
d8bfd1dafdc4,324876 2 325579 4 326282 6 326986 7 327690 8 328395 7 329100 7 329805 6 330509 7 331214 6 331918 6 332623 6 333327 6 334031 6 334736 5 335440 6 336144 6 336162 1 336848 8 336859 10 337552 21 338256 21 338960 17 339664 14 340368 10 341072 8 341776 7 342479 7 343183 7 343886 7 344590 7 345293 7 345997 7 346700 7 347404 7 348107 7 348811 7 349514 7 350218 7 350922 6 351625 7 352328 7 353032 7 353736 6 354439 7 355143 7 355846 7 356550 7 357253 7 357957 7 357997 3 358660 7 358686 2 358689 17 359364 7 359385 25 360067 7 360086 29 360770 8 360788 31 361473 8 361490 33 362177 7 362192 19 362221 2 362880 7 362896 11 363584 6 364287 2
d8bfd1dafdc4,215516 2 216218 6 216921 8 217624 11 218327 13 219031 15 219734 16 220437 17 221104 2 221140 18 221802 8 221844 15 222505 12 222547 13 223209 15 223249 13 223913 17 223952 12 224617 19 224653 14 225321 24 225355 14 226025 47 226729 46 227433 45 228137 45 228841 44 229545 45 230249 45 230954 45 231658 45 232362 44 233067 42 233771 40 234475 39 235180 37 235884 36 236588 35 237292 35 237996 34 238701 32 239405 27 240109 24 240813 22 241517 20 242221 19 242925 18 243629 18 244333 17 245037 17 245741 16 246446 15 247151 14 247856 12 248560 12 249265 11 249970 10 250674 9 251380 6
d8bfd1dafdc4,122832 4 122851 7 123534 8 123554 13 124236 38 124939 43 125640 49 126344 52 127048 54 127752 55 128456 57 129160 58 129864 58 130570 57 131274 58 131979 59 132683 60 133387 61 134092 61 134796 62 135501 61 136205 62 136912 59 137618 58 138325 56 139031 55 139736 54 140442 53 141148 51 141853 51 142558 50 143263 50 143968 50 144673 49 145378 49 146083 49 146788 49 147492 50 148197 50 148902 50 149606 51 150311 51 151015 53 151720 53 152424 54 153129 54 153834 54 154540 22 154565 27 155246 19 155271 26 155955 11 155977 25 156665 1 156682 25 157387 25 158092 25 158798 24 159503 24 160208 24 160913 25 161619 24 162325 23 163030 23 163735 23 164441 21 165146 20 165852 18 166559 14 167265 9
d8bfd1dafdc4,45632 1 46335 2 47033 10 47735 14 48438 16 49142 16 49846 17 50550 17 51254 18 51958 18 52662 18 53366 18 54071 17 54775 17 55479 17 56183 17 56888 16 57591 17 58295 17 58999 17 59703 17 59741 4 60406 18 60445 4 61109 20 61148 6 61813 20 61852 6 62516 22 62555 8 63219 23 63258 9 63922 25 63960 11 64626 26 64662 13 65329 29 65362 18 66032 52 66735 54 67438 56 68141 57 68844 58 69546 60 70248 62 70950 64 71651 67 72350 72 73050 76 73752 78 74455 79 75159 79 75863 79 76566 79 77270 78 77974 78 78679 76 79383 75 80088 74 80792 73 81496 72 82200 71 82905 69 83609 69 84313 68 85018 66 85722 65 86427 64 87131 63 87836 61 88541 59 89246 57 89950 56 90654 55 91359 53 92063 52 92767 52 93471 51 94176 49 94882 47 95588 44 96293 43 96999 41 97705 38 98410 37 99115 35 99821 33 100526 32 101232 29 101938 27 102644 24 103349 23 104055 21 104759 20 105464 19 106169 17 106873 17 107578 15 108283 14 108987 13 109692 11 110396 11 111102 8 111807 5
d8bfd1dafdc4,151533 7 152230 15 152932 18 153634 19 154337 20 155040 20 155743 21 156447 20 157150 20 157853 20 158557 19 159260 19 159963 19 160667 18 161370 18 162073 18 162775 19 163478 19 164182 18 164886 17 165590 16 166294 15 166998 14 167701 13 168404 13 169107 13 169810 13 170514 12 171218 11 171921 11 172625 11 173328 11 174031 11 174735 10 175438 11 176142 10 176845 10 177549 9 178252 9 178956 8 179659 9 180363 8 181066 8 181769 9 182473 8 183176 8 183879 9 184583 8 185286 9 185989 9 186693 9 187396 9 188099 9 188802 10 189506 9 190209 10 190913 9 191617 9 192321 9 193026 7 193731 6 194436 5 195141 2
d8bfd1dafdc4,170 61 874 62 1578 66 2282 68 2986 71 3691 73 4395 74 5099 75 5803 77 6508 76 7212 31 7265 23 7916 29 7973 19 8621 20 8692 1 9325 19 10029 17 10733 16 11437 15 12142 13 12846 12 13550 12 14254 11 14958 10 15662 10 16366 10 17070 9 17774 9 18478 9 19182 9 19885 9 20589 9 21293 9 21997 8 22701 8 23405 8 24109 7 24812 8 25516 7 26220 7 26924 6 27627 7 28331 7 29035 7 29739 7 30442 7 31146 7 31850 7 32554 7 33257 7 33961 7 34665 7 35369 7 36073 7 36777 7 37481 7 38185 7 38889 7 39592 8 40296 7 41000 7 41704 7 42408 7 43112 7 43816 7 44520 7 45224 7 45928 7 46632 7 47335 7 48039 7 48743 7 49447 7 50151 7 50855 6 51559 6 52263 6 52967 6 53670 7 54374 7 55078 7 55782 6 56486 6 57190 6 57895 5 58600 2
d8bfd1dafdc4,199298 9 200003 9 200707 11 201411 11 202115 12 202819 13 203523 14 204227 15 204931 16 205636 16 206341 17 207046 17 207752 17 208459 16 209166 16 209872 17 210578 18 211284 22 211989 27 212695 29 213400 30 214106 30 214812 30 215518 29 216225 27 216931 27 217637 26 218344 25 219050 25 219758 23 220465 22 221172 21 221878 22 222585 21 223292 19 223999 19 224707 17 225414 17 226122 16 226828 17 227535 16 228241 15 228947 13 229653 13 230360 10 231067 5
d8bfd1dafdc4,338737 5 339441 5 340145 6 340849 7 341554 7 342259 7 342963 8 343668 9 344372 10 345076 11 345780 13 346485 13 347190 14 347894 16 348598 18 349302 20 350006 23 350711 24 351417 25 352122 28 352828 30 353533 30 354239 30 354945 31 355650 32 356355 35 357060 49 357765 50 358470 50 359175 50 359880 49 360586 47 361291 46 361998 41 362705 36 363413 25 364122 13
d8bfd1dafdc4,321179 4 321883 5 322587 7 323292 7 323996 9 324701 9 325406 9 326112 8 326817 8 327522 8 328228 8 328933 8 329637 10 330342 10 331047 10 331751 11 332456 11 333160 12 333865 11 334570 11 335275 11 335293 3 335981 11 335995 8 336686 22 337391 22 338096 22 338801 22 339506 21 340210 21 340915 20 341619 20 342323 19 343028 18 343732 17 344436 17 345141 16 345845 15 346549 15 347253 14 347958 13 348662 13 349366 12 350070 12 350774 12 351478 11 352182 11 352886 11 353591 9 354295 9 354999 9 355703 8 356407 8 357111 8 357816 6 358520 6 359225 5 359929 5 360633 4 361337 4 362040 5 362744 4 363449 3
d8bfd1dafdc4,300186 3 300889 6 301593 6 302296 7 303001 7 303706 6 304410 7 305115 6 305819 7 305840 9 306524 7 306536 20 307228 9 307251 11 307933 8 307958 10 308637 8 308664 8 309342 7 309372 4 310046 7 310751 6 311455 7 312159 7 312864 7 313568 7 314273 6 314977 7 315682 7 316386 9 316413 7 317090 12 317115 11 317794 14 317815 15 318499 35 319202 30 319236 2 319906 29 319941 1 320610 30 320644 2 321314 31 321348 2 322018 36 322721 38 323425 38 324128 39 324832 39 325535 39 326238 40 326942 22 327645 11 327658 7 328348 10 328363 1 329052 9 329755 10 330458 10 331162 8 331865 8 332568 8 333271 8 333974 8 334677 8 335380 8 336084 7 336787 7 337490 8 338193 8 338896 8 339599 8 340302 8 341005 8 341708 8 342411 8 343114 8 343817 8 344519 9 345222 10 345925 10 346628 10 347332 9 348034 10 348737 10 349439 11 350138 14 350840 15 351543 15 352246 14 352951 12
d8bfd1dafdc4,248353 2 249057 2 249761 2 250465 3 251169 3 251873 3 252576 5 253280 5 253984 5 254688 5 255392 5 256096 5 256800 5 257504 5 258208 5 258912 5 259616 4 260320 4 261024 4 261728 4 262433 4 263137 4 263841 4 264545 4 265249 4 265953 4 266657 4 267361 4 268065 4 268769 4 269473 4 270177 4 270881 4 271585 4 272289 4 272993 4 273697 4 274401 4 275105 4 275809 4 276513 4 277217 4 277921 4 278625 4 279329 4 280033 4 280737 4 281441 4 282145 4 282849 4 283553 4 284257 5 284961 5 285665 5 286369 5 287073 5 287777 5 288481 5 289185 5 289889 5 290593 5 291297 5 292001 5 292705 5 293409 5 294113 4 294817 4 295520 5 296224 5 296928 5 297632 5 298336 5 299040 5 299744 6 300448 6 301152 6 301856 6 302560 6 303264 6 303968 6 304672 6 305376 6 306080 6 306784 6 307488 6 308192 6 308896 6 309600 6 310304 6 311008 6 311712 6 312416 6 313121 5 313825 5 314529 5 315233 5 315937 5 316641 5 317345 5 318049 5 318753 5 319457 5 320161 5 320865 5 321569 5 322273 5 322977 5 323681 5 324384 6 325088 6 325792 6 326496 7 327200 7 327904 7 328608 7 329311 9 330015 9 330719 9 331422 11 332125 12 332828 13 333530 16 334233 17 334935 19 335637 22 336339 24 337039 28 337739 32 338438 38 339138 42 339837 47 340539 49 341241 52 341944 53 342648 53 343351 55 344055 55 344759 10 344776 39 345463 7 345482 37 346168 3 346186 38 346872 2 346890 39 347594 39 348297 41 349001 29 349031 11 349706 28 349737 10 350413 25 350441 10 351119 22 351146 10 351826 19 351851 9 352533 16 352556 9 353240 12 353260 10 353948 6 353965 9 354670 9 355375 8 356079 9 356784 8 357489 8 358194 7 358898 8 359603 7 360308 7 361013 6 361718 6 362422 6 363127 6 363832 5 364536 6 365240 6
d8bfd1dafdc4,340949 3 341653 4 342357 5 343061 6 343765 7 344469 9 345173 11 345877 14 346580 18 347284 21 347988 22 348692 23 349396 24 350099 26 350803 26 351507 26 352210 28 352914 28 353618 28 354321 30 355025 31 355729 31 356432 33 357136 34 357839 36 358542 37 359246 38 359950 38 360655 38 361360 38 362066 36 362774 33 363483 28 364194 22 364913 7 365619 5
d8bfd1dafdc4,162035 11 162736 15 163437 18 164139 21 164841 25 165543 28 166244 34 166946 40 167648 50 168350 54 169052 55 169754 56 170457 57 171159 58 171862 59 172565 59 173268 23 173298 22 173324 3 173971 20 174675 18 175378 16 176081 15 176784 14 177487 13 178189 13 178892 13 179595 12 180298 12 181001 11 181704 11 182407 10 183110 10 183814 9 184518 7 185222 6 185926 4
d8bfd1dafdc4,209978 2 210682 2 211385 4 212088 5 212791 7 213495 7 214199 7 214903 8 215606 9 216310 9 217014 9 217717 11 218420 12 219124 12 219827 13 220531 14 221234 15 221937 17 222640 18 223343 19 224045 22 224748 23 225451 24 226153 27 226855 29 227556 32 228258 35 228960 38 229666 36 230370 37 231072 40 231770 47 232472 50 233174 52 233875 56 234577 59 235279 62 235980 66 236680 71 237379 77 238081 80 238784 81 239487 84 240190 86 240893 88 241596 89 242299 91 243002 92 243705 93 244408 93 245111 93 245813 94 246516 88 247219 87 247921 87 248624 87 249327 86 250031 85 250734 84 251437 83 252140 81 252844 75 253548 70 254252 66 254957 59 255662 54 256367 51 257072 46 257776 43 258483 34 259194 22
d8bfd1dafdc4,135487 6 136188 12 136892 14 137595 16 138299 16 139003 18 139707 19 140411 20 141115 20 141819 21 142524 21 143228 22 143932 23 144637 23 145343 22 146047 23 146752 23 147459 21 148165 20 148870 20 149575 20 150279 21 150984 21 151689 22 152393 23 153099 23 153804 24 154509 25 155214 26 155919 27 156624 27 157329 27 158034 27 158738 28 159443 30 160149 30 160853 30 161558 30 162263 30 162968 29 163672 30 164377 29 165081 29 165786 29 166491 29 167195 29 167900 29 168605 28 169309 28 170014 28 170718 28 171423 27 172127 27 172831 28 173536 27 174240 27 174945 26 175649 26 176353 26 177058 26 177762 26 178467 25 179171 25 179876 24 180581 24 181285 24 181991 22 182696 21 183402 19 184107 18 184813 16 185519 14 186224 13 186929 12 187634 12 188338 12 189043 11 189748 11 190452 11 191157 11 191862 11 192566 11 193271 11 193976 10 194683 6 195391 2
d8bfd1dafdc4,265053 4 265756 5 266459 6 267161 8 267864 9 268564 12 269267 12 269971 10 270674 10 271378 9 272081 10 272785 10 273488 10 274191 9 274894 9 275597 8 276300 8 277003 8 277706 8 278409 8 279111 9 279814 9 280517 9 281219 10 281922 10 282625 10 283328 10 284031 10 284734 10 285436 11 286138 12 286841 12 287543 14 288246 14 288949 14 289652 14 290355 14 291058 14 291761 14 292464 14 293166 15 293868 16 294570 17 295273 17 295975 16 296678 16 297381 15 298083 13 298785 13 299487 12 300191 8
d8bfd1dafdc4,84209 1 84908 12 85610 12 86310 16 87012 16 87714 15 88416 13 89118 11 89820 10 90521 11 91224 9 91925 10 92627 9 93328 10 94026 15 94727 15 95427 17 96124 22 96821 26 97520 27 98222 25 98924 22 99626 19 100329 15 101031 13 101733 13 102436 11 103138 11 103841 10 104544 9 105246 10 105949 9 106652 9 107355 9 108057 9 108760 9 109463 9 110166 9 110868 10 111571 9 112274 9 112977 9 113680 9 114383 9 115086 9 115789 9 116492 9 117195 9 117897 10 118600 10 119302 11 120003 13 120705 14 121403 19 122104 21 122807 21 123509 21 124211 22 124913 24 125615 25 126318 25 127022 24 127726 23 128429 23 129133 22 129836 22 130540 22 131243 22 131946 22 132649 22 133351 22 134054 22 134757 22 135459 22 136162 22 136864 22 137568 17 138271 13 138975 8 139681 3
d8bfd1dafdc4,150152 3 150855 4 151557 7 152259 10 152963 10 153667 10 154371 10 155075 10 155780 9 156485 9 157189 9 157894 8 158598 8 159303 7 160007 8 160712 7 161416 7 162120 8 162824 8 163529 7 164233 7 164937 7 165641 7 166345 8 167049 8 167753 9 168457 9 169161 10 169865 11 170569 12 171272 14 171976 17 172680 24 173383 28 174087 30 174791 34 175494 42 176198 49 176902 55 177605 60 178309 65 179013 68 179716 32 179758 24 180420 30 181123 27 181827 26 182530 26 183234 25 183938 23 184641 21 185345 18 186049 17 186753 15 187457 11 188161 10 188865 9 189569 9 190273 8 190977 8 191681 8 192385 7 193088 8 193792 7 194496 7 195200 6 195903 7 196607 6 197310 7 198014 6 198718 5 199421 6 200125 5 200829 4 201533 4 202237 3 202941 3 203645 2 204349 2 205052 3 205756 3 206460 3 207162 5 207866 5 208570 5 209274 4 209980 2 210684 2
d8bfd1dafdc4,113787 3 114491 6 115195 9 115899 10 116605 9 117311 9 118016 10 118722 9 119428 9 120133 10 120838 11 121544 11 122250 11 122955 11 123661 11 124367 11 125073 11 125779 11 126485 12 127191 12 127896 13 128603 13 129309 14 130015 15 130721 16 131427 18 132134 21 132840 24 133547 30 134254 34 134963 36 135673 37 136384 37 137095 38 137805 41 138516 40 139230 37 139942 34 140652 33 141363 29 142074 27 142786 19 143499 10
d8bfd1dafdc4,2113 1 2817 2 3521 3 4225 3 4929 3 5633 4 6337 4 7041 5 7745 5 8449 5 9153 6 9857 6 10561 6 11265 6 11969 7 12673 7 13377 7 14081 7 14785 7 15489 7 16193 7 16897 8 17601 8 18305 8 19009 8 19713 8 20417 8 21121 8 21825 9 22529 9 23233 9 23937 10 24641 10 25345 10 26049 11 26753 11 27457 11 28161 12 28865 12 29569 12 30273 13 30978 12 31682 13 32387 12 33091 13 33795 13 34499 14 35206 11 35912 10 36617 9 37322 9 38027 8 38732 7 39437 6 40143 2
d8bfd1dafdc4,308544 3 309248 4 309952 5 310656 6 311360 7 312065 6 312769 7 313474 7 314179 6 314883 7 315587 7 316292 7 316996 7 317700 8 318404 8 319109 7 319813 7 320517 7 321221 8 321925 8 322629 8 323333 9 324037 9 324741 10 325445 10 326149 10 326853 12 327556 13 328260 13 328964 13 329667 15 330371 15 331075 15 331778 16 332482 15 333186 15 333890 15 334594 15 335297 15 336003 12 336708 11 337413 8 338118 6 338823 4 339527 2
d8bfd1dafdc4,46067 3 46769 6 47472 8 48175 10 48879 11 49583 12 50287 13 50991 14 51695 15 52399 16 53104 15 53808 15 54512 15 55216 15 55920 15 56624 14 57328 13 58032 12 58736 11 59439 12 60143 11 60847 10 61551 9 62254 9 62958 8 63662 8 64365 8 65069 8 65772 8 66476 7 67179 8 67883 7 68586 8 69290 7 69993 7 70696 8 71400 7 72103 8 72806 8 73510 8 74213 8 74917 8 75620 8 76323 9 77026 9 77730 9 78433 10 79136 10 79839 11 80542 11 81245 12 81949 12 82653 11 83356 12 84060 12 84764 11 85468 11 86171 12 86875 11 87579 11 88283 11 88987 10 89691 10 90395 10 91099 9 91803 9 92506 10 93210 9 93914 9 94618 9 95322 8 96026 8 96729 9 97433 8 98137 8 98841 7 99544 8 100248 8 100952 8 101656 8 102359 9 103063 9 103766 10 104470 10 105174 11 105877 13 106581 14 107284 16 107988 16 108691 18 109395 19 110098 21 110801 22 111504 24 112207 26 112910 28 113613 30 114317 30 115020 32 115722 34 116425 35 117127 36 117828 39 118529 41 119231 20 119253 6 119261 13 119933 21 119966 10 120635 22 120671 7 121339 20 121376 5 122042 19 122747 16 123451 13 124155 12 124859 12
d8bfd1dafdc4,16909 3 17613 3 18317 4 19021 5 19725 6 20429 6 21134 6 21838 7 22542 8 23246 9 23950 10 24654 10 25358 11 26062 12 26767 11 27471 12 28176 12 28881 12 29585 12 30290 12 30995 12 31700 12 32404 13 33109 13 33814 13 34518 15 35223 15 35927 16 36632 17 37337 17 38041 19 38746 20 39450 22 40155 24 40859 28 40898 3 41564 46 42268 50 42973 52 43677 53 44381 53 45085 53 45789 51 46494 43 47198 39 47903 37 48608 35 49312 34 50017 32 50722 31 51427 30 52132 28 52838 26 53544 25 54249 24 54954 24 55659 24 56364 24 57069 23 57774 22 58479 12 58492 7 59188 3
d8bfd1dafdc4,155765 4 156469 4 157172 6 157875 7 158579 7 159283 7 159987 7 160691 7 161395 7 162099 6 162803 6 163507 6 164211 6 164915 6 165619 6 166323 6 167027 6 167730 7 168434 6 169138 6 169842 6 170546 7 171250 7 171953 8 172657 8 173361 8 174065 8 174769 8 175473 8 176177 9 176881 9 177585 9 178289 9 178993 9 179697 10 180401 10 181105 11 181809 12 182513 12 183217 13 183921 14 184625 15 185329 15 186033 15 186737 16 187442 15 188146 15 188850 15 189554 15 190258 15 190962 15 191666 15 192371 14 193075 13 193779 13 194483 13 195187 13 195891 12 196596 11 197300 10 198004 10 198708 10 199412 9 200116 9 200820 9 201525 8 202229 8 202933 8 203637 8 204341 8 205046 6 205750 6 206455 5 207160 2 207864 2 208568 2 209273 1 209977 1
d8bfd1dafdc4,168478 4 169182 5 169886 6 170590 6 171294 6 171998 6 172704 4 173411 1 179748 1 180450 3 181150 7 181854 7 182558 8 183262 8 183966 8 184669 9 185373 10 186077 10 186781 10 187485 10 188189 11 188892 12 189596 13 190300 13 191004 13 191707 15 192411 15 193115 15 193819 16 194523 16 195226 18 195930 18 196634 19 197338 19 198041 20 198745 21 199448 22 200151 24 200855 25 201559 25 202263 26 202967 26 203671 27 204374 29 205078 29 205781 31 206484 33 207188 34 207891 36 208595 37 209298 39 210001 40 210704 40 211408 39 212111 36 212815 34 213518 34 214222 33 214926 24 215629 23 216332 14 217036 11 217742 4 218446 2
d8bfd1dafdc4,34159 12 34864 11 35569 11 36275 10 36980 10 37685 10 38391 8 39096 8 39801 8 40505 8 41210 8 41915 8 42620 7 43324 8 44029 7 44734 7 45439 6 46143 7 46848 6 47552 7 48257 7 48961 7 49666 7 50370 7 51075 7 51779 7 51860 8 52484 7 52559 14 53188 8 53257 15 53892 8 53953 19 54597 8 54653 20 55301 9 55352 20 56005 10 56048 24 56709 11 56747 25 57413 13 57444 25 58117 15 58141 27 58821 46 59525 42 60229 39 60933 35 61637 31 62341 27 63044 25 63748 21 64452 19 65156 18 65859 17 66563 16 67267 15 67971 14 68674 15 69378 14 70082 13 70786 13 71489 13 72193 13 72897 12 73600 13 74304 13 75007 13 75711 13 76415 13 77119 13 77823 13 78526 14 79230 13 79934 13 80638 13 81342 13 82046 13 82751 11 83455 11 84159 11 84863 11 85567 11 86271 10 86974 11 87678 11 88382 11 89087 9 89791 9 90496 9 91201 8 91906 7 92612 5 93317 4 94022 3
d8bfd1dafdc4,124897 7 125555 14 125594 16 126254 23 126292 23 126953 66 127652 71 128352 73 129053 68 129755 60 130457 54 131161 48 131865 42 132569 35 133276 26 133982 19 134689 13
d8bfd1dafdc4,133952 5 134653 8 135355 10 136057 12 136760 13 137462 14 138165 14 138866 17 139568 19 140268 23 140968 27 141669 30 142371 32 143073 34 143774 36 144476 36 145178 36 145880 34 146582 30 147284 24 147986 22 148689 19 149392 16 150094 14 150796 13 151499 11 152201 11 152904 10 153607 9 154309 10 155011 10 155713 10 156415 11 157118 10 157820 9
d8bfd1dafdc4,204206 8 204908 11 205610 14 206313 22 207015 28 207718 33 208422 37 209125 41 209828 44 210531 47 211235 49 211939 50 212643 52 213347 53 214051 53 214755 16 215461 10 216165 8 216871 1
d8bfd1dafdc4,83925 2 84628 4 85332 5 86036 5 86739 6 87443 7 88147 7 88851 7 89556 7 90260 7 90964 7 91668 8 92372 8 93077 8 93781 8 94485 9 95190 9 95894 9 96599 9 97302 11 98005 12 98709 13 99412 15 100115 16 100818 18 101521 20 102224 22 102928 22 103632 23 104335 25 105039 26 105743 27 106447 28 107151 29 107856 29 108563 27 109270 25 109977 24 110683 23 111388 23 112094 22 112800 22 113506 21 114211 21 114917 21 115623 21 116328 21 117033 23 117739 23 118444 23 119149 22 119855 21 120561 18 121267 16 121973 11 122679 6
d8bfd1dafdc4,348044 5 348747 7 349450 9 350152 12 350855 14 351558 16 352260 18 352963 20 353664 24 354369 24 355074 24 355779 24 356485 23 357190 23 357895 24 358601 23 359306 24 360011 24 360717 24 361423 24 362128 25 362833 26 363538 27 364243 29 364948 30 365654 28
d8bfd1dafdc4,5750 2 6454 3 7158 2 7861 3 8565 3 9269 4 9973 4 10676 5 11380 5 12084 5 12787 6 13491 6 14194 7 14898 7 15602 7 16305 8 17009 8 17712 9 18416 9 19120 9 19823 10 20527 10 21230 11 21934 11 22637 13 23341 13 24044 14 24747 15 25451 15 26154 17 26857 18 27560 19 28263 21 28967 21 29670 22 30373 23 31077 23 31780 24 32484 24 33187 25 33891 26 34595 26 35299 26 36003 26 36707 26 37411 26 38114 28 38818 28 39522 28 40225 29 40929 29 41632 30 42336 31 43039 32 43743 32 44446 33 45149 34 45851 37 46554 38 47257 39 47960 41 48663 42 49366 44 50069 45 50772 47 51475 48 52178 49 52882 50 53585 51 54289 51 54994 51 55698 51 56408 45 57114 4 57122 35 57829 33 58535 31 59240 30 59945 29 60652 26 61358 24 62063 23 62769 21 63474 20 64179 19 64884 18 65589 17 66293 17 66998 15 67702 15 68407 14 69111 2 69118 7 69824 4
d8bfd1dafdc4,343617 4 344321 6 345024 7 345728 8 346432 9 347136 9 347840 9 348545 9 349249 9 349954 9 350658 10 351362 11 352067 11 352771 11 353475 12 354179 12 354884 12 355588 13 356292 14 356996 14 357700 15 358404 16 359108 16 359812 17 360516 17 361220 17 361925 16 362629 16 363333 16 364037 16 364742 15 365446 14
d8bfd1dafdc4,248736 3 249439 5 250143 5 250846 7 251550 7 252254 7 252957 7 253661 7 254364 7 255068 6 255771 6 256475 5 257178 6 257881 6 258584 6 259288 5 259991 5 260694 5 261397 6 262101 5 262804 5 263507 5 264210 6 264914 5 265617 6 266320 6 267023 7 267726 7 268428 9 269131 10 269833 11 270536 12 271237 16 271936 21 272637 25 273339 27 274041 30 274744 31 275448 32 276151 33 276856 32 277561 32 278280 17 278986 15 279692 13 280397 12 281102 12 281807 11 282513 9 283218 7
d8bfd1dafdc4,53583 2 54283 6 54982 12 55683 15 56388 20 57092 22 57118 4 57796 33 58478 1 58491 1 58499 36 59181 7 59191 49 59885 60 60589 63 61293 63 61998 63 62701 64 63405 64 64109 64 64811 66 65513 68 66213 72 66906 83 67610 84 68314 84 69018 85 69722 85 70427 84 71131 84 71836 83 72541 81 73246 79 73952 77 74657 75 75363 72 76068 71 76774 68 77480 65 78186 62 78892 59 79598 56 80304 52 81010 48 81717 39 82424 30 83136 2
d8bfd1dafdc4,301537 10 302239 14 302941 19 303644 21 304347 24 304374 1 305050 31 305753 33 306456 35 307160 35 307863 37 308566 38 309270 38 309974 39 310678 39 311383 38 312088 37 312793 36 313497 36 314202 35 314907 34 315611 34 316316 33 317020 33 317724 33 318428 33 319132 34 319836 34 320540 34 321244 34 321948 34 322652 35 323356 35 324060 35 324764 36 325468 36 326172 36 326876 36 327580 37 328284 37 328988 37 329693 36 330397 37 331102 36 331806 37 332511 36 333215 36 333920 35 334625 35 335330 34 336036 32 336741 31 337446 31 338152 29 338857 28 339563 26 340268 25 340973 24 341677 24 342382 24 343086 24 343791 23 344496 21 345200 21 345905 20 346610 18 347315 16 348020 14 348726 11 349432 7
d8bfd1dafdc4,264254 1 264957 3 265660 5 266363 6 267066 7 267769 8 268472 9 269175 11 269878 12 270582 12 271285 13 271988 14 272691 15 273394 16 274098 16 274801 17 275504 18 276207 20 276910 21 277613 22 278317 22 279020 23 279723 24 280427 24 281130 26 281834 26 282537 27 283241 27 283945 28 284649 28 285352 29 286055 31 286759 31 287463 31 288167 31 288871 31 289575 32 290281 30 290985 30 291689 31 292394 30 293099 29 293804 29 294509 28 295214 27 295919 27 296624 26 297329 26 298034 26 298739 25 299444 25 300148 26 300853 26 301558 28 302262 33 302967 34 303672 34 304376 34 305081 34 305786 33 306491 33 307195 33 307900 33 308604 33 309308 34 310013 33 310717 32 311421 32 312125 31 312830 28 313534 27 314238 26 314942 24 315647 22 316351 22 317055 21 317759 20 318463 19 319167 19 319871 18 320575 17 321279 17 321983 16 322687 16 323391 16 324095 15 324800 14 325504 14 326208 14 326912 13 327617 12 328321 12 329025 12 329730 10 330434 10 331138 10 331843 9 332547 9 333251 9 333955 9 334660 8 335364 8 336068 8 336773 7 337477 7 338181 7 338885 7 339589 6 340294 5 340998 5 341703 3 342407 3 343111 3
d8bfd1dafdc4,328983 3 329684 8 330386 11 331090 12 331794 12 332497 14 333201 14 333905 15 334609 16 335312 17 336015 18 336719 17 337424 15 338128 14 338833 11 339538 9 340243 5
7ae19de7bc2a,177491 2 178194 4 178897 5 179600 6 180304 6 181007 7 181711 8 182414 9 183118 9 183821 11 184525 11 185228 12 185932 13 186635 14 187339 14 188043 14 188747 14 189452 14 190157 13 190862 12 191567 11 192272 10 192976 10 193682 8 194387 6 195092 4
7ae19de7bc2a,139300 3 140002 19 140706 21 141410 22 142114 22 142818 22 143522 22 144226 21 144930 20 145635 19 146339 18 147043 18 147747 17 148452 16 149156 16 149860 15 150564 15 151269 14 151973 13 152678 12 153383 10 154088 8 154793 6
7ae19de7bc2a,25228 4 25924 14 26625 18 27327 21 28029 23 28732 24 29435 25 30139 25 30842 26 31546 26 32250 25 32954 25 33658 24 34363 22 35067 21 35772 19 36477 16 37182 13 37887 9 38594 2
7ae19de7bc2a,148230 2 148932 6 149634 9 150337 10 151039 13 151742 15 152444 17 153147 18 153850 20 154554 20 155258 20 155962 20 156667 19 157371 19 158075 20 158780 19 159484 19 160189 18 160894 17 161599 16 162304 15 163010 13 163716 11 164421 10 165127 7 165834 3
7ae19de7bc2a,343874 4 344576 6 345278 8 345981 9 346684 10 347386 11 348089 12 348792 13 349495 13 350197 15 350900 16 351604 15 352307 16 353010 16 353713 17 354417 16 355120 17 355824 16 356527 17 357231 17 357935 17 358639 17 359343 17 360047 16 360751 16 361456 14 362160 13 362865 12 363570 10 364277 6 364983 3
7ae19de7bc2a,139541 5 140244 7 140947 9 141651 10 142355 10 143059 11 143763 11 144467 11 145171 12 145876 11 146580 11 147284 11 147989 11 148693 11 149397 11 150102 10 150807 9 151511 9 152216 8 152921 6 153626 5 154331 4 155036 2
7ae19de7bc2a,59398 3 60100 7 60804 8 61507 9 62210 11 62913 12 63616 14 64320 14 65024 15 65728 15 66432 16 67137 16 67843 15 68549 14 69255 13 69960 13 70666 12 71371 11 72077 10 72783 8 73489 5
7ae19de7bc2a,96417 5 97120 8 97824 9 98528 9 99232 10 99936 11 100640 11 101344 11 102049 11 102753 11 103457 11 104161 12 104865 12 105570 11 106274 12 106978 12 107682 12 108387 10 109091 10 109795 10 110500 9 111204 8 111909 7 112613 6 113318 5 114023 2
7ae19de7bc2a,320664 3 321367 5 322070 8 322774 8 323477 10 324181 10 324885 10 325589 10 326292 12 326996 12 327700 12 328404 12 329108 11 329812 11 330516 11 331220 11 331924 10 332628 10 333332 10 334037 9 334741 8 335445 8 336150 6 336855 5 337560 3
7ae19de7bc2a,353707 2 354410 5 355112 8 355815 9 356517 10 357220 11 357922 13 358625 14 359329 14 360032 15 360737 14 361441 13 362145 13 362850 11 363554 10 364259 8 364963 8 365668 6
7ae19de7bc2a,49538 5 50240 9 50944 10 51648 11 52351 13 53056 13 53760 14 54464 15 55169 15 55873 15 56578 15 57282 16 57987 15 58692 13 59397 1 59401 7 60107 1
7ae19de7bc2a,176647 6 177343 16 178041 24 178744 25 179447 26 180151 26 180855 25 181559 25 182264 23 182968 22 183672 22 184377 20 185081 19 185786 17 186490 16 187194 15 187899 12 188603 12 189307 11 190011 10 190715 9 191419 8 192123 8 192827 7 193533 3
7ae19de7bc2a,317496 3 318197 9 318898 14 319600 17 320302 19 321004 21 321706 23 322408 25 323110 27 323812 27 324514 27 325216 27 325919 23 326623 14 327326 11 328031 7 328735 4
7ae19de7bc2a,224278 12 224977 19 225678 23 226379 26 227081 28 227783 29 228486 29 229190 27 229895 24 230601 20 231308 15 232015 10
7ae19de7bc2a,183222 4 183923 8 184627 9 185331 10 186035 11 186739 12 187444 12 188148 14 188853 15 189557 17 190262 16 190966 17 191670 17 192374 17 193079 16 193783 15 194487 15 195192 14 195896 14 196601 13 197305 12 198009 12 198714 11 199418 11 200123 9 200828 8 201533 6 202238 5
7ae19de7bc2a,109415 2 110118 5 110821 8 111524 11 112228 13 112931 15 113635 17 114339 18 115043 19 115747 20 116451 21 117155 21 117859 21 118564 20 119269 19 119981 9
7ae19de7bc2a,73716 3 74417 9 75119 12 75822 13 76524 15 77225 16 77927 14 78628 16 79329 17 80030 19 80732 20 81434 21 82138 21 82842 20 83547 18 84252 16 84956 16 85661 14 86365 14 87070 13 87775 11 88480 10 89185 9 89890 7 90595 6 91300 4
7ae19de7bc2a,203649 2 204352 4 205056 5 205760 5 206464 6 207167 7 207871 8 208575 8 209278 9 209982 10 210685 11 211389 12 212093 12 212796 13 213501 13 214205 13 214910 13 215615 12 216320 11 217025 11 217731 8 218439 4
7ae19de7bc2a,235969 6 236673 8 237377 9 238081 11 238786 12 239490 13 240195 14 240899 15 241604 16 242308 18 243013 20 243718 22 244424 20 245130 18 245836 16 246542 14 247247 12 247953 9 248658 8 249363 6 250068 5 250773 4 251478 3 252182 3
7ae19de7bc2a,132115 4 132812 13 133514 16 134218 16 134922 16 135626 17 136330 17 137035 16 137740 15 138445 14 139150 13 139855 12 140561 10 141266 9 141971 7 142678 3
7ae19de7bc2a,47746 6 48443 19 49144 24 49846 26 50549 26 51252 26 51956 25 52660 24 53364 23 54068 22 54772 21 55476 19 56181 18 56885 17 57590 15 58294 14 58999 12 59703 11 60408 10 61113 8 61817 7 62523 4
7ae19de7bc2a,303734 4 304436 8 305138 10 305841 12 306544 13 307248 13 307951 13 308654 14 309358 13 310061 13 310765 13 311468 13 312172 12 312875 12 313579 12 314283 11 314986 11 315690 10 316394 8 317098 6 317802 4
7ae19de7bc2a,275 7 979 9 1684 11 2388 13 3093 14 3797 16 4502 17 5207 17 5911 18 6616 19 7320 21 8025 21 8730 20 9434 20 10139 20 10843 20 11548 19 12253 18 12957 17 13662 16 14366 16 15071 15 15775 15 16480 14 17184 15 17889 14 18594 13 19298 13 20003 12 20708 10 21412 10 22117 8 22822 6 23527 4 24232 2
7ae19de7bc2a,34638 2 35341 3 36043 5 36746 5 37449 6 38152 6 38854 8 39557 9 40259 10 40961 12 41664 12 42366 14 43068 15 43771 16 44474 17 45177 17 45880 18 46583 19 47287 18 47990 19 48693 20 49396 20 50100 20 50803 21 51507 20 52211 20 52916 18 53620 17 54325 15 55029 14 55733 12 56437 10 57141 9 57845 7 58548 7 59252 5 59957 1
7ae19de7bc2a,165017 4 165718 11 166420 14 167123 15 167827 15 168531 14 169235 13 169939 12 170644 9 171349 4
7ae19de7bc2a,172137 6 172839 9 173541 12 174244 13 174947 14 175650 15 176354 15 177057 16 177761 15 178465 15 179169 14 179873 13 180578 11 181282 10 181987 7 182694 1
7ae19de7bc2a,240186 5 240889 7 241592 10 242295 13 242998 15 243702 16 244406 18 245111 19 245815 20 246524 16 247231 15 247938 14 248644 13 249349 14 250055 13 250760 13 251465 13 252170 12 252875 13 253580 13 254285 13 254990 12 255695 12 256400 11 257105 10 257810 9 258515 7
7ae19de7bc2a,254455 2 255157 9 255860 13 256563 17 257267 19 257971 21 258675 23 259380 23 260085 24 260790 24 261496 22 262201 21 262907 19 263613 16 264319 11
7ae19de7bc2a,176809 1 177511 5 178214 6 178917 8 179620 9 180323 10 181026 12 181729 13 182433 13 183137 13 183841 13 184545 14 185249 14 185953 13 186657 13 187361 13 188065 13 188769 12 189473 12 190177 11 190882 9 191586 8 192290 8 192995 6 193700 4
7ae19de7bc2a,224917 6 225620 9 226324 10 227027 12 227731 14 228435 15 229139 15 229842 17 230546 18 231250 18 231955 18 232659 18 233363 18 234069 16 234775 15 235481 13 236186 12 236892 9 237597 8 238303 6 239009 3
7ae19de7bc2a,45501 5 46200 11 46901 14 47602 17 48304 18 49007 19 49709 20 50413 19 51116 19 51820 18 52524 17 53228 16 53933 14 54638 12 55343 10 56048 9 56753 6
7ae19de7bc2a,100700 6 101398 20 102100 24 102803 25 103506 26 104210 26 104914 26 105619 24 106325 20 107031 15 107737 7
7ae19de7bc2a,196692 2 197395 5 198099 8 198803 11 199507 13 200211 15 200916 16 201620 18 202324 19 203029 19 203733 19 204438 18 205142 18 205846 18 206551 16 207256 14 207961 11
7ae19de7bc2a,1152 6 1855 8 2558 10 3262 11 3966 12 4669 13 5373 14 6077 14 6782 13 7486 13 8190 13 8895 12 9599 12 10304 10 11009 8 11715 2
7ae19de7bc2a,74550 2 75251 5 75954 7 76657 7 77360 8 78063 9 78766 10 79469 10 80172 11 80875 12 81578 12 82281 13 82984 14 83686 15 84389 16 85089 20 85791 21 86494 22 87197 22 87901 22 88606 20 89311 19 90016 17 90722 14 91428 11 92133 9 92839 6 93545 2
7ae19de7bc2a,227558 5 228260 10 228963 13 229666 15 230370 15 231073 16 231777 17 232481 17 233186 15 233890 14 234596 11 235302 8
7ae19de7bc2a,293184 6 293886 10 294589 12 295293 13 295997 13 296700 15 297404 15 298108 16 298813 15 299517 15 300222 15 300926 14 301632 11 302338 6
7ae19de7bc2a,207959 2 208663 13 209366 15 210070 14 210773 15 211477 15 212181 14 212885 14 213589 13 214293 12 214997 12 215701 11 216406 9 217111 7 217817 2
7ae19de7bc2a,114377 1 115080 4 115783 5 116486 7 117190 8 117893 10 118597 11 119301 12 120006 12 120710 13 121415 13 122119 14 122823 15 123527 16 124231 17 124935 18 125639 19 126343 20 127049 18 127754 18 128460 16 129166 14 129872 12 130578 10 131284 7
7ae19de7bc2a,247381 10 248084 15 248788 18 249491 21 250195 23 250899 26 251604 27 252309 27 253014 27 253720 26 254426 24 255132 22 255839 19 256546 15 257253 11 257963 3
7ae19de7bc2a,258522 3 259218 12 259922 13 260626 14 261330 15 262034 16 262738 17 263443 16 264147 17 264852 16 265556 17 266260 17 266965 16 267669 17 268374 16 269078 16 269783 15 270488 14 271192 14 271898 12 272603 11 273308 10 274012 10 274717 9 275422 8 276126 8 276831 7 277536 5 278241 3
7ae19de7bc2a,146003 7 146707 10 147412 10 148116 12 148819 15 149523 17 150227 19 150930 22 151635 23 152339 25 153044 26 153749 26 154454 27 155159 28 155865 28 156571 27 157279 24 157988 20 158695 17 159404 12 160111 9
7ae19de7bc2a,111246 6 111948 7 112650 9 113352 10 114055 10 114757 12 115459 13 116162 14 116865 15 117569 15 118273 16 118977 17 119681 18 120385 18 121089 19 121793 19 122497 19 123201 18 123906 15 124617 2
7ae19de7bc2a,324024 1 324723 7 325425 9 326127 10 326829 11 327531 12 328233 13 328934 15 329635 17 330336 18 331037 20 331738 22 332441 21 333143 22 333845 22 334549 21 335253 19 335957 18 336660 17 337364 16 338068 14 338772 13 339476 12 340179 11 340883 10 341586 11 342290 10 342994 9 343698 8 344402 7 345105 7 345810 4
7ae19de7bc2a,76097 2 76799 5 77502 7 78204 9 78907 11 79610 12 80313 13 81016 15 81719 16 82423 16 83126 17 83830 17 84533 18 85237 18 85940 19 86644 18 87348 18 88051 19 88755 18 89459 18 90164 16 90868 16 91573 14 92278 12 92984 9 93692 3
7ae19de7bc2a,144268 24 144971 30 145675 31 146379 31 147083 31 147788 30 148494 26 149200 23 149906 19 150612 15 151324 1
7ae19de7bc2a,124028 3 124730 7 125432 10 126135 12 126838 14 127541 16 128245 16 128949 17 129653 18 130358 17 131062 18 131768 16 132473 16 133178 15 133885 12 134592 9 135299 5
7ae19de7bc2a,218430 3 219134 5 219838 7 220542 9 221247 10 221952 11 222656 12 223361 13 224066 13 224771 13 225476 13 226181 13 226886 13 227591 13 228296 13 229001 12 229706 12 230411 11 231116 11 231822 9 232527 9 233232 8 233937 7 234642 7 235347 6 236051 6 236756 5 237461 5 238165 5 238870 5 239574 5 240279 4 240984 2
7ae19de7bc2a,278561 1 279262 13 279965 17 280667 21 281370 24 282074 26 282779 26 283485 25 284192 23 284898 22 285604 21 286310 20 287018 17 287724 17 288431 15 289137 14 289842 14 290548 12 291253 11 291959 10 292664 9 293370 7 294076 5
7ae19de7bc2a,336339 1 337041 4 337745 5 338448 7 339152 8 339856 9 340560 9 341264 10 341967 12 342671 12 343375 13 344079 14 344783 15 345487 16 346191 17 346895 18 347599 18 348303 19 349007 19 349711 19 350415 19 351119 19 351823 19 352527 19 353231 19 353935 19 354640 18 355344 19 356049 18 356754 17 357458 17 358163 16 358867 15 359572 14 360277 13 360982 12 361687 11 362392 10 363097 9 363802 7 364507 6 365213 3
7ae19de7bc2a,323380 5 324081 10 324784 12 325488 13 326192 14 326895 16 327600 16 328304 17 329009 17 329714 17 330419 17 331124 17 331829 17 332534 16 333240 14 333946 13 334652 10 335359 7
7ae19de7bc2a,262514 5 263217 10 263921 13 264625 16 265329 19 266033 21 266738 22 267443 22 268148 22 268854 21 269560 20 270266 19 270971 19 271677 17 272383 15 273089 12 273797 6
7ae19de7bc2a,40224 2 40927 4 41630 5 42333 7 43037 7 43740 8 44444 9 45147 10 45851 10 46555 10 47258 12 47962 12 48666 12 49370 12 50074 12 50778 11 51482 10 52186 7 52891 3
7ae19de7bc2a,336160 4 336861 8 337563 11 338266 12 338969 14 339673 15 340376 16 341080 17 341784 17 342488 17 343192 18 343896 18 344600 18 345305 18 346011 16 346719 12 347425 10 348132 6 348839 1
7ae19de7bc2a,281787 3 282486 9 283184 16 283886 18 284590 19 285294 19 285998 19 286703 18 287407 18 288112 17 288817 15 289522 11 290229 3
7ae19de7bc2a,42994 4 43695 9 44395 14 45093 20 45793 23 46495 24 47196 26 47895 31 48598 31 49302 30 50006 29 50711 28 51415 27 52121 24 52830 19 53546 6
7ae19de7bc2a,525 2 1227 7 1929 11 2631 14 3335 14 4039 15 4744 14 5448 15 6153 14 6858 13 7562 13 8267 13 8972 12 9677 11 10382 11 11087 10 11792 9 12497 9 13202 8 13907 7 14612 6 15318 4 16023 3
7ae19de7bc2a,15535 3 16237 6 16939 8 17641 11 18343 13 19046 15 19749 16 20452 17 21155 17 21858 17 22561 17 23264 16 23966 15 24669 13 25372 10 26076 8 26779 6 27483 5
7ae19de7bc2a,166435 5 167138 6 167842 6 168545 7 169248 8 169951 9 170653 10 171353 14 172050 20 172753 20 173456 20 174159 20 174863 17 175569 10
7ae19de7bc2a,76188 2 76890 4 77590 8 78283 19 78981 24 79683 27 80387 27 81090 28 81795 26 82499 26 83204 24 83908 24 84613 22 85318 21 86023 20 86728 18 87433 17 88141 2 88151 2
7ae19de7bc2a,2667 6 3365 15 4065 21 4768 23 5472 24 6176 25 6880 26 7585 25 8290 23 8997 18 9707 5
7ae19de7bc2a,186594 6 187296 13 188000 15 188704 16 189408 17 190112 16 190817 15 191521 15 192226 15 192930 15 193635 14 194339 15 195043 16 195747 17 196452 16 197156 16 197860 15 198564 15 199268 14 199972 12 200677 10 201381 7
7ae19de7bc2a,110322 1 111018 11 111716 17 112416 21 113119 21 113822 21 114526 21 115230 20 115935 18 116639 18 117344 16 118048 16 118753 14 119458 13 120163 11 120868 10 121573 8 122278 6 122985 2
7ae19de7bc2a,73576 3 74279 6 74983 8 75686 11 76390 11 77094 12 77798 12 78501 13 79205 13 79909 13 80613 13 81316 14 82019 15 82722 16 83425 16 84128 16 84831 17 85533 18 86237 17 86940 17 87643 18 88347 17 89051 16 89755 15 90459 14 91164 12 91868 11 92573 9 93278 7 93984 3
7ae19de7bc2a,215775 7 216472 15 217175 16 217879 17 218583 17 219287 17 219991 17 220695 18 221399 18 222103 18 222808 17 223513 16 224218 15 224923 14 225629 12 226334 11 227039 10 227745 8 228450 7 229154 7 229859 5 230564 3
7ae19de7bc2a,114868 2 115571 5 116274 7 116977 9 117681 10 118384 11 119088 12 119792 12 120496 12 121199 13 121903 13 122608 11 123312 10 124016 9 124720 7 125425 5
7ae19de7bc2a,45828 2 45831 8 46526 18 47230 19 47934 19 48639 19 49344 18 50050 16 50756 15 51461 14 52167 12 52873 9 53579 7 54285 2
7ae19de7bc2a,298141 3 298844 5 299547 6 300250 8 300954 8 301657 9 302361 9 303064 11 303768 11 304471 12 305175 12 305879 13 306582 14 307286 14 307990 14 308694 14 309398 14 310102 14 310806 14 311510 14 312214 14 312918 14 313623 13 314327 13 315031 13 315735 12 316440 11 317144 11 317848 11 318552 11 319257 10 319961 9 320667 7 321372 6 322078 4 322782 3
7ae19de7bc2a,130353 5 131052 10 131753 15 132454 19 133156 22 133858 23 134560 24 135262 24 135965 22 136668 20 137371 18 138075 16 138779 13 139485 8
7ae19de7bc2a,96552 15 97247 26 97949 29 98651 31 99354 32 100058 32 100762 31 101466 30 102171 28 102876 25 103581 23 104286 20 104991 16 105695 14 106400 10
7ae19de7bc2a,88145 6 88847 10 89550 12 90253 14 90956 16 91659 17 92363 17 93067 16 93772 14 94475 14 95179 14 95882 13 96586 13 97289 12 97993 11 98697 10 99400 9 100104 8 100808 7 101512 5 102216 4
7ae19de7bc2a,64820 4 65523 7 66227 7 66930 9 67634 9 68338 9 69041 10 69745 10 70448 11 71152 11 71856 10 72559 11 73263 10 73967 9 74671 8 75375 6 76079 5 76784 2
7ae19de7bc2a,208076 3 208780 4 209484 5 210188 6 210893 7 211598 7 212302 9 213007 10 213712 11 214417 11 215122 12 215827 12 216533 12 217238 12 217943 12 218649 12 219354 12 220059 13 220764 13 221469 13 222174 14 222879 14 223585 14 224290 14 224996 14 225701 14 226405 15 227110 16 227815 16 228521 16 229226 16 229931 17 230637 16 231342 17 232048 16 232754 15 233459 15 234164 14 234870 13 235575 13 236281 12 236986 11 237691 11 238397 10 239102 9 239808 7 240514 5 241222 1
7ae19de7bc2a,334330 5 335030 15 335733 19 336437 22 337142 24 337847 24 338553 24 339259 24 339965 23 340671 23 341377 22 342083 22 342789 21 343495 21 344201 20 344907 20 345613 19 346319 18 347025 16 347731 14 348437 12 349144 9
7ae19de7bc2a,570 6 1273 9 1976 12 2680 14 3384 16 4087 19 4791 20 5496 19 6201 18 6906 17 7610 16 8313 14 9016 14 9722 10 10428 7
7ae19de7bc2a,212046 5 212747 9 213450 11 214154 12 214858 12 215562 13 216267 12 216972 12 217676 13 218381 13 219086 13 219791 13 220496 13 221201 13 221906 13 222611 13 223316 12 224021 12 224726 12 225430 13 226136 11 226841 11 227546 11 228251 9 228956 7 229661 5 230366 4 231071 2
7ae19de7bc2a,127680 7 128383 10 129087 10 129791 10 130495 10 131199 10 131903 10 132607 9 133311 9 134015 9 134719 9 135423 8 136126 9 136830 9 137534 10 138238 10 138942 10 139647 9 140351 9 141055 10 141759 10 142463 10 143167 10 143871 11 144575 11 145279 11 145984 11 146688 11 147392 11 148096 12 148801 11 149505 12 150209 12 150913 13 151618 13 152322 13 153026 13 153731 12 154436 11 155141 10 155845 10 156550 8 157256 5 157961 3
7ae19de7bc2a,300924 2 301627 5 302330 8 303034 14 303738 14 304444 13 305148 13 305853 12 306557 12 307261 11 307965 11 308670 9 309375 7
7ae19de7bc2a,292586 4 293290 6 293994 7 294699 7 295403 9 296107 10 296812 10 297516 13 298220 16 298925 15 299630 15 300335 15 301041 13 301747 12 302452 12 303158 10 303862 11 304567 10 305272 9 305977 8 306681 7 307386 6 308091 4
7ae19de7bc2a,278365 10 279067 27 279770 33 280474 34 281178 35 281882 35 282587 34 283292 33 283998 30 284705 24 285412 17
7ae19de7bc2a,209964 3 210665 13 211366 19 212068 23 212769 27 213472 29 214175 30 214879 31 215583 32 216288 31 216995 29 217703 25 218410 20 219118 16 219828 10
7ae19de7bc2a,118400 4 119103 7 119806 9 120509 11 121213 13 121917 15 122621 17 123326 18 124031 18 124737 18 125442 18 126147 18 126852 17 127557 17 128262 16 128968 14 129674 11 130380 9 131085 6
7ae19de7bc2a,125336 3 126036 9 126736 14 127436 19 128136 23 128838 25 129541 26 130244 26 130949 24 131655 22 132362 18 133072 12 133779 8
7ae19de7bc2a,288516 11 289207 25 289911 26 290614 28 291316 30 292019 32 292723 32 293428 32 294132 32 294837 31 295543 29 296249 27 296955 25 297664 19 298375 9
7ae19de7bc2a,13316 7 14015 16 14714 24 15414 30 16116 33 16819 35 17521 37 18223 38 18926 38 19628 39 20332 38 21036 35 21740 32 22446 14 23151 7
7ae19de7bc2a,348206 5 348908 9 349610 11 350293 3 350312 13 350995 34 351697 36 352401 35 353105 34 353809 34 354513 33 355217 32 355921 31 356625 30 357329 29 358033 28 358738 26 359442 25 360146 24 360850 23 361554 22 362259 20 362963 19 363669 16 364385 2
7ae19de7bc2a,117883 6 118587 8 119290 11 119994 12 120699 11 121403 12 122108 11 122812 11 123517 10 124222 9 124927 8 125633 6 126339 1
7ae19de7bc2a,345860 15 346552 27 347252 32 347955 33 348658 34 349363 33 350068 31 350772 31 351477 29 352182 28 352887 26 353591 26 354296 25 355001 24 355705 25 356410 24 357115 23 357820 22 358526 19 359231 18 359936 16 360642 12 361348 5
7ae19de7bc2a,36140 2 36843 5 37547 6 38251 7 38955 8 39660 8 40364 10 41067 14 41772 17 42476 20 43181 23 43886 27 44591 27 45297 25 46004 22 46710 19 47416 16 48122 14 48828 11 49533 5 50239 1
7ae19de7bc2a,49 3 62 12 752 25 1456 24 2160 23 2864 22 3568 21 4272 20 4976 19 5680 18 6384 17 7088 16 7791 16 8495 14 9198 14 9902 13 10605 12 11308 12 12012 11 12715 11 13419 10 14122 10 14826 9 15530 5 16234 3
7ae19de7bc2a,117077 2 117778 9 118481 13 119184 16 119886 19 120589 21 121291 23 121994 23 122697 22 123400 21 124103 18 124806 15 125509 12 126212 9 126916 6
7ae19de7bc2a,321037 5 321739 9 322442 14 323146 16 323850 18 324554 18 325258 18 325962 19 326667 17 327372 16 328077 15 328782 13 329487 12 330192 10 330898 6
7ae19de7bc2a,91467 6 92169 10 92872 12 93574 14 94277 15 94980 16 95684 17 96387 18 97090 19 97794 19 98498 19 99202 18 99909 12 100618 1
7ae19de7bc2a,62127 4 62830 7 63533 9 64237 9 64940 11 65644 11 66348 11 67051 12 67755 12 68459 12 69163 12 69868 11 70572 11 71276 11 71980 11 72685 10 73389 10 74093 10 74798 9 75502 9 76206 8 76911 7 77615 7 78320 5 79025 4
7ae19de7bc2a,24717 2 25420 4 26123 5 26826 7 27530 8 28235 7 28939 8 29644 8 30348 9 31053 9 31758 10 32463 14 33167 16 33872 15 34576 14 35280 14 35985 12 36689 12 37393 12 38097 11 38801 11 39505 11 40208 12 40912 11 41616 11 42320 11 43024 11 43728 11 44432 10 45136 10 45840 10 46544 10 47249 9 47953 9 48658 8 49362 8 50066 8 50771 6 51475 7 52179 7 52883 7 53587 6 54291 6 54996 5 55700 4 56405 2
7ae19de7bc2a,289240 15 289941 20 290643 22 291346 23 292051 22 292755 22 293460 21 294165 19 294873 15 295579 12
7ae19de7bc2a,278276 4 278977 12 279679 15 280382 17 281086 18 281790 19 282495 18 283200 18 283904 19 284609 18 285313 19 286017 19 286721 19 287425 19 288129 19 288833 19 289537 19 290242 18 290948 15 291653 12 292358 9 293065 3
7ae19de7bc2a,348657 1 349358 5 350060 8 350763 9 351466 11 352169 13 352873 14 353576 15 354280 16 354984 17 355689 16 356393 17 357098 17 357802 17 358507 16 359212 15 359919 13 360624 12 361330 10 362035 9 362740 8 363446 6 364152 4 364857 1
7ae19de7bc2a,232908 4 233612 8 234316 11 235020 13 235724 15 236428 18 237132 19 237836 19 238539 20 239243 20 239947 20 240651 19 241354 20 242058 19 242762 18 243466 17 244170 16 244874 14 245579 12 246285 7
7ae19de7bc2a,186549 1 187248 11 187941 24 188643 26 189345 28 190048 29 190752 29 191456 28 192161 26 192866 23 193573 19 194281 14 194988 10 195694 5
7ae19de7bc2a,186615 6 187317 9 188020 10 188723 12 189426 14 190130 15 190834 15 191538 16 192242 16 192945 18 193649 18 194354 17 195059 15 195764 14 196468 13 197174 8
7ae19de7bc2a,8509 1
7ae19de7bc2a,66124 2 66827 5 67531 7 68235 9 68940 9 69644 11 70349 11 71054 11 71758 12 72463 11 73167 12 73872 12 74576 12 75280 13 75985 12 76689 12 77393 13 78098 12 78803 11 79507 12 80212 11 80917 10 81622 10 82327 9 83031 9 83736 9 84440 9 85145 9 85849 9 86554 8 87258 9 87963 8 88667 8 89371 8 90076 7 90780 7 91485 6 92190 4 92895 2
7ae19de7bc2a,219099 1 219804 1 220509 1 221214 1 223328 1 224033 1 224738 1 226135 1 226147 1 226840 1 226852 1 227545 1 228250 1 228955 1 229660 1 230365 1 231070 1 231776 1
7ae19de7bc2a,81937 7 82640 9 83343 11 84047 11 84752 11 85456 11 86160 12 86865 11 87570 10 88274 11 88979 10 89684 10 90388 10 91093 10 91797 10 92502 10 93206 11 93911 10 94615 11 95319 12 96024 11 96728 12 97433 12 98137 13 98841 13 99546 12 100250 12 100954 12 101659 10 102363 9 103067 9 103771 8 104475 8 105180 6 105884 6 106588 5 107292 5 107996 4 108701 2
7ae19de7bc2a,577 15 1282 13 1988 11 2694 8 3400 6 4106 3
7ae19de7bc2a,168040 5 168743 7 169446 9 170148 12 170851 14 171553 16 172255 19 172958 21 173660 23 174362 24 175063 26 175765 26 176467 24 177170 22 177873 21 178576 20 179280 19 179984 17 180689 16 181393 15 182098 10 182802 8 183506 7 184211 5 184916 2
7ae19de7bc2a,11952 1 12654 5 13356 8 14059 9 14762 10 15465 11 16168 12 16871 13 17574 14 18277 14 18980 14 19683 14 20386 13 21088 14 21790 14 22492 15 23195 15 23898 15 24602 14 25305 14 26009 13 26713 12 27417 11 28121 10 28828 6
7ae19de7bc2a,355840 1 356544 1 357248 1 357952 1 358656 1 359360 1 360063 2 360767 2 361470 2 362173 3 362877 2 363569 1 363580 2 364274 3 364283 3 364979 4 364986 3 365684 8
7ae19de7bc2a,345798 12 346500 18 347203 20 347905 23 348609 23 349312 24 350016 24 350719 25 351423 24 352127 24 352830 25 353534 24 354238 24 354942 23 355645 23 356349 23 357053 22 357757 21 358461 19 359165 17 359869 14 360573 12 361277 10 361981 7 362685 3
7ae19de7bc2a,296951 4 297654 10 298357 16 299061 18 299764 21 300467 23 301171 24 301874 25 302575 29 303272 36 303975 36 304679 36 305383 36 306087 35 306791 35 307495 35 308199 35 308902 36 309606 36 310310 10 310339 6 311014 7 311718 5 312422 4
7ae19de7bc2a,58494 4 59198 5 59901 6 60605 7 61308 8 62011 10 62715 11 63418 13 64122 14 64825 20 65530 21 66234 21 66939 20 67643 18 68347 16 69051 15 69755 13 70459 12 71163 11 71867 10 72572 8 73278 5
7ae19de7bc2a,195601 7 196304 10 197008 12 197711 14 198415 15 199119 16 199823 17 200527 18 201231 19 201936 19 202640 20 203344 21 204049 20 204753 21 205457 21 206161 21 206866 19 207570 19 208274 18 208978 18 209682 17 210386 17 211090 16 211795 14 212500 13 213205 11 213910 10 214614 10 215319 8 216024 7 216730 4 217435 2
7ae19de7bc2a,243339 4 244042 7 244746 9 245451 9 246155 10 246859 12 247563 13 248267 14 248972 14 249676 15 250380 16 251085 16 251789 18 252494 18 253198 19 253902 20 254607 20 255313 19 256020 17 256726 17 257432 16 258137 15 258842 15 259547 15 260253 13 260957 14 261662 13 262367 13 263072 12 263777 11 264482 10 265187 9 265893 8 266598 7 267303 6 268010 2
7ae19de7bc2a,235042 5 235743 12 236446 14 237151 15 237855 17 238559 18 239263 20 239967 22 240670 24 241374 25 242077 28 242782 28 243487 9 243498 17 244193 4 244203 17 244908 16 245615 14 246322 11 247030 6
7ae19de7bc2a,130947 2 131651 4 132355 7 133059 13 133763 16 134468 23 135173 21 135878 19 136582 18 137286 17 137991 16 138695 15 139399 14 140104 11 140808 10 141512 8 142216 7 142920 5 143625 2
7ae19de7bc2a,296894 7 297597 14 298301 18 299005 21 299709 24 300414 25 301118 26 301823 26 302527 28 303232 29 303936 31 304641 31 305346 31 306051 30 306756 30 307461 29 308165 30 308870 29 309575 28 310281 27 310987 25 311693 23 312399 22 313104 21 313810 19 314515 19 315220 18 315926 16 316631 15 317336 14 318041 14 318746 13 319451 12 320156 10 320862 8 321567 7 322274 2
7ae19de7bc2a,208752 4 209455 7 210158 9 210861 11 211564 13 212267 15 212971 15 213674 16 214378 17 215082 17 215786 17 216490 17 217194 17 217898 17 218603 17 219307 17 220012 15 220717 14 221423 12 222128 8 222835 3
7ae19de7bc2a,355466 4 356170 5 356875 5 357579 7 358283 9 358987 11 359691 15 360395 22 361099 30 361804 36 362509 38 363216 37 363924 34 364630 34 365336 32 366042 30
